<TaskerData sr="" dvi="1" tv="6.1.32">
	<dmetric>600.0,976.0</dmetric>
	<Profile sr="prof217" ve="2">
		<cdate>1692222905779</cdate>
		<edate>1692272641130</edate>
		<flags>8</flags>
		<id>217</id>
		<limit>true</limit>
		<mid0>251</mid0>
		<nme>Batt Temperature</nme>
		<Event sr="con0" ve="2">
			<code>599</code>
			<Str sr="arg0" ve="3">android.intent.action.BATTERY_CHANGED</Str>
			<Int sr="arg1" val="0"/>
			<Int sr="arg2" val="0"/>
			<Str sr="arg3" ve="3"/>
			<Str sr="arg4" ve="3"/>
		</Event>
	</Profile>
	<Profile sr="prof255" ve="2">
		<cdate>1692256057527</cdate>
		<clp>true</clp>
		<edate>1692256089289</edate>
		<flags>8</flags>
		<id>255</id>
		<limit>true</limit>
		<mid0>252</mid0>
		<Event sr="con0" ve="2">
			<code>2095</code>
			<pri>0</pri>
			<Bundle sr="arg0">
				<Vals sr="val">
					<net.dinglisch.android.tasker.RELEVANT_VARIABLES>&lt;StringArray sr=""/&gt;</net.dinglisch.android.tasker.RELEVANT_VARIABLES>
					<net.dinglisch.android.tasker.RELEVANT_VARIABLES-type>[Ljava.lang.String;</net.dinglisch.android.tasker.RELEVANT_VARIABLES-type>
				</Vals>
			</Bundle>
			<Str sr="arg1" ve="3">10000</Str>
		</Event>
	</Profile>
	<Profile sr="prof257" ve="2">
		<cdate>1692257606197</cdate>
		<clp>true</clp>
		<edate>1692272110731</edate>
		<flags>8</flags>
		<id>257</id>
		<mid0>256</mid0>
		<State sr="con0" ve="2">
			<code>123</code>
			<Int sr="arg0" val="1"/>
		</State>
		<Time sr="con1">
			<fh>15</fh>
			<fm>0</fm>
			<th>18</th>
			<tm>0</tm>
		</Time>
		<State sr="con2" ve="2">
			<code>10</code>
			<pin>true</pin>
			<Int sr="arg0" val="0"/>
		</State>
	</Profile>
	<Profile sr="prof259" ve="2">
		<cdate>1692257606197</cdate>
		<clp>true</clp>
		<edate>1692272146043</edate>
		<flags>8</flags>
		<id>259</id>
		<mid0>258</mid0>
		<State sr="con0" ve="2">
			<code>123</code>
			<Int sr="arg0" val="1"/>
		</State>
		<Time sr="con1">
			<fh>3</fh>
			<fm>0</fm>
			<th>9</th>
			<tm>0</tm>
		</Time>
		<State sr="con2" ve="2">
			<code>10</code>
			<pin>true</pin>
			<Int sr="arg0" val="0"/>
		</State>
	</Profile>
	<Profile sr="prof261" ve="2">
		<cdate>1692257606197</cdate>
		<clp>true</clp>
		<edate>1692272179279</edate>
		<flags>8</flags>
		<id>261</id>
		<mid0>260</mid0>
		<State sr="con0" ve="2">
			<code>123</code>
			<Int sr="arg0" val="1"/>
		</State>
		<Time sr="con1">
			<fh>18</fh>
			<fm>0</fm>
			<th>6</th>
			<tm>0</tm>
		</Time>
		<State sr="con2" ve="2">
			<code>10</code>
			<pin>true</pin>
			<Int sr="arg0" val="0"/>
		</State>
	</Profile>
	<Profile sr="prof263" ve="2">
		<cdate>1692257606197</cdate>
		<clp>true</clp>
		<edate>1692272128258</edate>
		<flags>8</flags>
		<id>263</id>
		<mid0>262</mid0>
		<State sr="con0" ve="2">
			<code>123</code>
			<Int sr="arg0" val="1"/>
		</State>
		<Time sr="con1">
			<fh>9</fh>
			<fm>0</fm>
			<th>15</th>
			<tm>0</tm>
		</Time>
		<State sr="con2" ve="2">
			<code>10</code>
			<pin>true</pin>
			<Int sr="arg0" val="0"/>
		</State>
	</Profile>
	<Profile sr="prof266" ve="2">
		<cdate>1692271858787</cdate>
		<clp>true</clp>
		<edate>1692272027020</edate>
		<flags>8</flags>
		<id>266</id>
		<mid0>267</mid0>
		<pri>0</pri>
		<State sr="con0" ve="2">
			<code>10</code>
			<pin>true</pin>
			<Int sr="arg0" val="0"/>
		</State>
	</Profile>
	<Profile sr="prof268" ve="2">
		<cdate>1692271858787</cdate>
		<clp>true</clp>
		<edate>1692272378109</edate>
		<flags>8</flags>
		<id>268</id>
		<mid0>269</mid0>
		<pri>0</pri>
		<State sr="con0" ve="2">
			<code>10</code>
			<Int sr="arg0" val="0"/>
		</State>
	</Profile>
	<Profile sr="prof271" ve="2">
		<cdate>1692273738155</cdate>
		<clp>true</clp>
		<edate>1692274030292</edate>
		<flags>8</flags>
		<id>271</id>
		<mid0>256</mid0>
		<Event sr="con0" ve="2">
			<code>461</code>
			<pri>0</pri>
			<App sr="arg0"/>
			<Str sr="arg1" ve="3"/>
			<Str sr="arg2" ve="3"/>
			<Str sr="arg3" ve="3">sandakan</Str>
			<Str sr="arg4" ve="3"/>
			<Str sr="arg5" ve="3"/>
			<Str sr="arg6" ve="3"/>
			<Int sr="arg7" val="0"/>
		</Event>
	</Profile>
	<Profile sr="prof272" ve="2">
		<cdate>1692275124268</cdate>
		<clp>true</clp>
		<edate>1692277006111</edate>
		<flags>8</flags>
		<id>272</id>
		<mid0>273</mid0>
		<Event sr="con0" ve="2">
			<code>1520257414</code>
			<pri>0</pri>
			<Bundle sr="arg0">
				<Vals sr="val">
					<AllFields>false</AllFields>
					<AllFields-type>java.lang.Boolean</AllFields-type>
					<App>&lt;null&gt;</App>
					<App-type>java.lang.String</App-type>
					<BigImageNames>&lt;null&gt;</BigImageNames>
					<BigImageNames-type>java.lang.String</BigImageNames-type>
					<BigTextNames>&lt;null&gt;</BigTextNames>
					<BigTextNames-type>java.lang.String</BigTextNames-type>
					<CancelReason>&lt;StringArray sr=""/&gt;</CancelReason>
					<CancelReason-type>[Ljava.lang.String;</CancelReason-type>
					<CaseinsensitiveApp>false</CaseinsensitiveApp>
					<CaseinsensitiveApp-type>java.lang.Boolean</CaseinsensitiveApp-type>
					<CaseinsensitiveCategoryName>false</CaseinsensitiveCategoryName>
					<CaseinsensitiveCategoryName-type>java.lang.Boolean</CaseinsensitiveCategoryName-type>
					<CaseinsensitivePackage>false</CaseinsensitivePackage>
					<CaseinsensitivePackage-type>java.lang.Boolean</CaseinsensitivePackage-type>
					<CaseinsensitiveText>true</CaseinsensitiveText>
					<CaseinsensitiveText-type>java.lang.Boolean</CaseinsensitiveText-type>
					<CaseinsensitiveTitle>false</CaseinsensitiveTitle>
					<CaseinsensitiveTitle-type>java.lang.Boolean</CaseinsensitiveTitle-type>
					<CategoryImportance>&lt;StringArray sr=""/&gt;</CategoryImportance>
					<CategoryImportance-type>[Ljava.lang.String;</CategoryImportance-type>
					<CategoryName>&lt;null&gt;</CategoryName>
					<CategoryName-type>java.lang.String</CategoryName-type>
					<ExactApp>false</ExactApp>
					<ExactApp-type>java.lang.Boolean</ExactApp-type>
					<ExactCategoryName>false</ExactCategoryName>
					<ExactCategoryName-type>java.lang.Boolean</ExactCategoryName-type>
					<ExactPackage>false</ExactPackage>
					<ExactPackage-type>java.lang.Boolean</ExactPackage-type>
					<ExactText>false</ExactText>
					<ExactText-type>java.lang.Boolean</ExactText-type>
					<ExactTitle>false</ExactTitle>
					<ExactTitle-type>java.lang.Boolean</ExactTitle-type>
					<HasMediaSession>false</HasMediaSession>
					<HasMediaSession-type>java.lang.Boolean</HasMediaSession-type>
					<HasReplyAction>false</HasReplyAction>
					<HasReplyAction-type>java.lang.Boolean</HasReplyAction-type>
					<Id>&lt;null&gt;</Id>
					<Id-type>java.lang.String</Id-type>
					<IgnoreGroupSummary>false</IgnoreGroupSummary>
					<IgnoreGroupSummary-type>java.lang.Boolean</IgnoreGroupSummary-type>
					<ImageNames>&lt;null&gt;</ImageNames>
					<ImageNames-type>java.lang.String</ImageNames-type>
					<InterceptApps>&lt;StringArray sr=""/&gt;</InterceptApps>
					<InterceptApps-type>[Ljava.lang.String;</InterceptApps-type>
					<InterceptPersistent>&lt;null&gt;</InterceptPersistent>
					<InterceptPersistent-type>java.lang.String</InterceptPersistent-type>
					<InvertApp>false</InvertApp>
					<InvertApp-type>java.lang.Boolean</InvertApp-type>
					<InvertCategoryName>false</InvertCategoryName>
					<InvertCategoryName-type>java.lang.Boolean</InvertCategoryName-type>
					<InvertPackage>false</InvertPackage>
					<InvertPackage-type>java.lang.Boolean</InvertPackage-type>
					<InvertText>false</InvertText>
					<InvertText-type>java.lang.Boolean</InvertText-type>
					<InvertTitle>false</InvertTitle>
					<InvertTitle-type>java.lang.Boolean</InvertTitle-type>
					<PackageName>&lt;null&gt;</PackageName>
					<PackageName-type>java.lang.String</PackageName-type>
					<RegexApp>false</RegexApp>
					<RegexApp-type>java.lang.Boolean</RegexApp-type>
					<RegexCategoryName>false</RegexCategoryName>
					<RegexCategoryName-type>java.lang.Boolean</RegexCategoryName-type>
					<RegexPackage>false</RegexPackage>
					<RegexPackage-type>java.lang.Boolean</RegexPackage-type>
					<RegexText>false</RegexText>
					<RegexText-type>java.lang.Boolean</RegexText-type>
					<RegexTitle>false</RegexTitle>
					<RegexTitle-type>java.lang.Boolean</RegexTitle-type>
					<Text>sandakan</Text>
					<Text-type>java.lang.String</Text-type>
					<TextNames>&lt;null&gt;</TextNames>
					<TextNames-type>java.lang.String</TextNames-type>
					<Title>&lt;null&gt;</Title>
					<Title-type>java.lang.String</Title-type>
					<Type>&lt;null&gt;</Type>
					<Type-type>java.lang.String</Type-type>
					<com.twofortyfouram.locale.intent.extra.BLURB>Event Behaviour: true
Notification Text: sandakan (case ins)</com.twofortyfouram.locale.intent.extra.BLURB>
					<com.twofortyfouram.locale.intent.extra.BLURB-type>java.lang.String</com.twofortyfouram.locale.intent.extra.BLURB-type>
					<net.dinglisch.android.tasker.EXTRA_NSR_DEPRECATED>true</net.dinglisch.android.tasker.EXTRA_NSR_DEPRECATED>
					<net.dinglisch.android.tasker.EXTRA_NSR_DEPRECATED-type>java.lang.Boolean</net.dinglisch.android.tasker.EXTRA_NSR_DEPRECATED-type>
					<net.dinglisch.android.tasker.RELEVANT_VARIABLES>&lt;StringArray sr=""&gt;&lt;_array_net.dinglisch.android.tasker.RELEVANT_VARIABLES0&gt;%anapp
01. App name
&lt;/_array_net.dinglisch.android.tasker.RELEVANT_VARIABLES0&gt;&lt;_array_net.dinglisch.android.tasker.RELEVANT_VARIABLES1&gt;%anbackgroundimage
Background Image
&lt;/_array_net.dinglisch.android.tasker.RELEVANT_VARIABLES1&gt;&lt;_array_net.dinglisch.android.tasker.RELEVANT_VARIABLES2&gt;%anbigicon
04. Icon When Expanded
&lt;/_array_net.dinglisch.android.tasker.RELEVANT_VARIABLES2&gt;&lt;_array_net.dinglisch.android.tasker.RELEVANT_VARIABLES3&gt;%anbutton1action
13. Button Action 1
Use with AutoNotification Actions&lt;/_array_net.dinglisch.android.tasker.RELEVANT_VARIABLES3&gt;&lt;_array_net.dinglisch.android.tasker.RELEVANT_VARIABLES4&gt;%anbutton1icon
13. Button 1 Icon
&lt;/_array_net.dinglisch.android.tasker.RELEVANT_VARIABLES4&gt;&lt;_array_net.dinglisch.android.tasker.RELEVANT_VARIABLES5&gt;%anbutton1text
12. Button 1 Text
&lt;/_array_net.dinglisch.android.tasker.RELEVANT_VARIABLES5&gt;&lt;_array_net.dinglisch.android.tasker.RELEVANT_VARIABLES6&gt;%anbutton2action
15. Button 2 Action
Use with AutoNotification Actions&lt;/_array_net.dinglisch.android.tasker.RELEVANT_VARIABLES6&gt;&lt;_array_net.dinglisch.android.tasker.RELEVANT_VARIABLES7&gt;%anbutton2icon
15. Button 2 Icon
&lt;/_array_net.dinglisch.android.tasker.RELEVANT_VARIABLES7&gt;&lt;_array_net.dinglisch.android.tasker.RELEVANT_VARIABLES8&gt;%anbutton2text
14. Button 2 Text
&lt;/_array_net.dinglisch.android.tasker.RELEVANT_VARIABLES8&gt;&lt;_array_net.dinglisch.android.tasker.RELEVANT_VARIABLES9&gt;%anbutton3action
17. Button 3 Action
Use with AutoNotification Actions&lt;/_array_net.dinglisch.android.tasker.RELEVANT_VARIABLES9&gt;&lt;_array_net.dinglisch.android.tasker.RELEVANT_VARIABLES10&gt;%anbutton3icon
17. Button 3 Icon
&lt;/_array_net.dinglisch.android.tasker.RELEVANT_VARIABLES10&gt;&lt;_array_net.dinglisch.android.tasker.RELEVANT_VARIABLES11&gt;%anbutton3text
16. Button 3 Text
&lt;/_array_net.dinglisch.android.tasker.RELEVANT_VARIABLES11&gt;&lt;_array_net.dinglisch.android.tasker.RELEVANT_VARIABLES12&gt;%anbutton4action
18. Button 4 Action
Use with AutoNotification Actions&lt;/_array_net.dinglisch.android.tasker.RELEVANT_VARIABLES12&gt;&lt;_array_net.dinglisch.android.tasker.RELEVANT_VARIABLES13&gt;%anbutton4icon
18. Button 4 Icon
&lt;/_array_net.dinglisch.android.tasker.RELEVANT_VARIABLES13&gt;&lt;_array_net.dinglisch.android.tasker.RELEVANT_VARIABLES14&gt;%anbutton4text
18. Button 4 Text
&lt;/_array_net.dinglisch.android.tasker.RELEVANT_VARIABLES14&gt;&lt;_array_net.dinglisch.android.tasker.RELEVANT_VARIABLES15&gt;%anbutton5action
19. Button 5 Action
Use with AutoNotification Actions&lt;/_array_net.dinglisch.android.tasker.RELEVANT_VARIABLES15&gt;&lt;_array_net.dinglisch.android.tasker.RELEVANT_VARIABLES16&gt;%anbutton5icon
19. Button 5 Icon
&lt;/_array_net.dinglisch.android.tasker.RELEVANT_VARIABLES16&gt;&lt;_array_net.dinglisch.android.tasker.RELEVANT_VARIABLES17&gt;%anbutton5text
19. Button 5 Text
&lt;/_array_net.dinglisch.android.tasker.RELEVANT_VARIABLES17&gt;&lt;_array_net.dinglisch.android.tasker.RELEVANT_VARIABLES18&gt;%ancolor
Color
&lt;/_array_net.dinglisch.android.tasker.RELEVANT_VARIABLES18&gt;&lt;_array_net.dinglisch.android.tasker.RELEVANT_VARIABLES19&gt;%anconversation
Conversation
JSON Structure with all conversation related fields, i.e. text, sender, image, etc&lt;/_array_net.dinglisch.android.tasker.RELEVANT_VARIABLES19&gt;&lt;_array_net.dinglisch.android.tasker.RELEVANT_VARIABLES20&gt;%andismissaction
23. Action On Dismiss Id
Use with AutoNotification Actions&lt;/_array_net.dinglisch.android.tasker.RELEVANT_VARIABLES20&gt;&lt;_array_net.dinglisch.android.tasker.RELEVANT_VARIABLES21&gt;%anextrainfo
Extra Info
Extra info that you can add to an AutoNotification notification when you create it. Empty for others.&lt;/_array_net.dinglisch.android.tasker.RELEVANT_VARIABLES21&gt;&lt;_array_net.dinglisch.android.tasker.RELEVANT_VARIABLES22&gt;%anextras
All Extras
All extras from the notification that are not already in one of the other variables in JSON format&lt;/_array_net.dinglisch.android.tasker.RELEVANT_VARIABLES22&gt;&lt;_array_net.dinglisch.android.tasker.RELEVANT_VARIABLES23&gt;%angroup
Group
&lt;/_array_net.dinglisch.android.tasker.RELEVANT_VARIABLES23&gt;&lt;_array_net.dinglisch.android.tasker.RELEVANT_VARIABLES24&gt;%anhasmediasession
Has Media Session
All extras from the notification that are not already in one of the other variables in JSON format&lt;/_array_net.dinglisch.android.tasker.RELEVANT_VARIABLES24&gt;&lt;_array_net.dinglisch.android.tasker.RELEVANT_VARIABLES25&gt;%anicon
04. Icon
&lt;/_array_net.dinglisch.android.tasker.RELEVANT_VARIABLES25&gt;&lt;_array_net.dinglisch.android.tasker.RELEVANT_VARIABLES26&gt;%anid
Id
&lt;/_array_net.dinglisch.android.tasker.RELEVANT_VARIABLES26&gt;&lt;_array_net.dinglisch.android.tasker.RELEVANT_VARIABLES27&gt;%aninfotext
10. Info Text
&lt;/_array_net.dinglisch.android.tasker.RELEVANT_VARIABLES27&gt;&lt;_array_net.dinglisch.android.tasker.RELEVANT_VARIABLES28&gt;%ankey
Key
A unique instance key for this notification&lt;/_array_net.dinglisch.android.tasker.RELEVANT_VARIABLES28&gt;&lt;_array_net.dinglisch.android.tasker.RELEVANT_VARIABLES29&gt;%anmediabutton_actions()
Media Buttons Actions
Use with AutoNotification Media action&lt;/_array_net.dinglisch.android.tasker.RELEVANT_VARIABLES29&gt;&lt;_array_net.dinglisch.android.tasker.RELEVANT_VARIABLES30&gt;%anmediabutton_names()
Media Buttons
Names corresponding to Media Button Actions&lt;/_array_net.dinglisch.android.tasker.RELEVANT_VARIABLES30&gt;&lt;_array_net.dinglisch.android.tasker.RELEVANT_VARIABLES31&gt;%annumber
Number
&lt;/_array_net.dinglisch.android.tasker.RELEVANT_VARIABLES31&gt;&lt;_array_net.dinglisch.android.tasker.RELEVANT_VARIABLES32&gt;%anpackage
Package Name
&lt;/_array_net.dinglisch.android.tasker.RELEVANT_VARIABLES32&gt;&lt;_array_net.dinglisch.android.tasker.RELEVANT_VARIABLES33&gt;%anpeople
People
&lt;/_array_net.dinglisch.android.tasker.RELEVANT_VARIABLES33&gt;&lt;_array_net.dinglisch.android.tasker.RELEVANT_VARIABLES34&gt;%anpersistent
Is Persistent
&lt;/_array_net.dinglisch.android.tasker.RELEVANT_VARIABLES34&gt;&lt;_array_net.dinglisch.android.tasker.RELEVANT_VARIABLES35&gt;%anpicture
05. Picture
&lt;/_array_net.dinglisch.android.tasker.RELEVANT_VARIABLES35&gt;&lt;_array_net.dinglisch.android.tasker.RELEVANT_VARIABLES36&gt;%anpriority
Priority
&lt;/_array_net.dinglisch.android.tasker.RELEVANT_VARIABLES36&gt;&lt;_array_net.dinglisch.android.tasker.RELEVANT_VARIABLES37&gt;%anprogress
Progress
&lt;/_array_net.dinglisch.android.tasker.RELEVANT_VARIABLES37&gt;&lt;_array_net.dinglisch.android.tasker.RELEVANT_VARIABLES38&gt;%anprogressindeterminate
Progress Indeterminate
&lt;/_array_net.dinglisch.android.tasker.RELEVANT_VARIABLES38&gt;&lt;_array_net.dinglisch.android.tasker.RELEVANT_VARIABLES39&gt;%anprogressmax
Progress Max
&lt;/_array_net.dinglisch.android.tasker.RELEVANT_VARIABLES39&gt;&lt;_array_net.dinglisch.android.tasker.RELEVANT_VARIABLES40&gt;%anreplyaction
20. Action Reply
Use with AutoNotification Reply&lt;/_array_net.dinglisch.android.tasker.RELEVANT_VARIABLES40&gt;&lt;_array_net.dinglisch.android.tasker.RELEVANT_VARIABLES41&gt;%anreplychoices()
Reply Choices
Choices for reply available as quick actions in the notification&lt;/_array_net.dinglisch.android.tasker.RELEVANT_VARIABLES41&gt;&lt;_array_net.dinglisch.android.tasker.RELEVANT_VARIABLES42&gt;%anshowchronometer
Show Chronometer
&lt;/_array_net.dinglisch.android.tasker.RELEVANT_VARIABLES42&gt;&lt;_array_net.dinglisch.android.tasker.RELEVANT_VARIABLES43&gt;%ansortkey
Sort Key
&lt;/_array_net.dinglisch.android.tasker.RELEVANT_VARIABLES43&gt;&lt;_array_net.dinglisch.android.tasker.RELEVANT_VARIABLES44&gt;%anstatus
Cancelled Or Created
&lt;/_array_net.dinglisch.android.tasker.RELEVANT_VARIABLES44&gt;&lt;_array_net.dinglisch.android.tasker.RELEVANT_VARIABLES45&gt;%anstatusbaricon
07. Status Bar Icon
&lt;/_array_net.dinglisch.android.tasker.RELEVANT_VARIABLES45&gt;&lt;_array_net.dinglisch.android.tasker.RELEVANT_VARIABLES46&gt;%anstatusbaricon
Status Bar Icon
&lt;/_array_net.dinglisch.android.tasker.RELEVANT_VARIABLES46&gt;&lt;_array_net.dinglisch.android.tasker.RELEVANT_VARIABLES47&gt;%ansubtext
08. SubText
&lt;/_array_net.dinglisch.android.tasker.RELEVANT_VARIABLES47&gt;&lt;_array_net.dinglisch.android.tasker.RELEVANT_VARIABLES48&gt;%ansummary
Is Summary
Will be set to &amp;lt;b&amp;gt;1&amp;lt;/b&amp;gt; if it's a summary and &amp;lt;b&amp;gt;will not be set&amp;lt;/b&amp;gt; otherwise.&lt;/_array_net.dinglisch.android.tasker.RELEVANT_VARIABLES48&gt;&lt;_array_net.dinglisch.android.tasker.RELEVANT_VARIABLES49&gt;%ansummarytext
09. Summary Text
&lt;/_array_net.dinglisch.android.tasker.RELEVANT_VARIABLES49&gt;&lt;_array_net.dinglisch.android.tasker.RELEVANT_VARIABLES50&gt;%antag
Tag
&lt;/_array_net.dinglisch.android.tasker.RELEVANT_VARIABLES50&gt;&lt;_array_net.dinglisch.android.tasker.RELEVANT_VARIABLES51&gt;%antext
03. Text
&lt;/_array_net.dinglisch.android.tasker.RELEVANT_VARIABLES51&gt;&lt;_array_net.dinglisch.android.tasker.RELEVANT_VARIABLES52&gt;%antextbig
03. Text When Expanded
&lt;/_array_net.dinglisch.android.tasker.RELEVANT_VARIABLES52&gt;&lt;_array_net.dinglisch.android.tasker.RELEVANT_VARIABLES53&gt;%antextlines()
11. Text Lines
&lt;/_array_net.dinglisch.android.tasker.RELEVANT_VARIABLES53&gt;&lt;_array_net.dinglisch.android.tasker.RELEVANT_VARIABLES54&gt;%anticker
03. Ticker Text
&lt;/_array_net.dinglisch.android.tasker.RELEVANT_VARIABLES54&gt;&lt;_array_net.dinglisch.android.tasker.RELEVANT_VARIABLES55&gt;%antitle
02. Title
&lt;/_array_net.dinglisch.android.tasker.RELEVANT_VARIABLES55&gt;&lt;_array_net.dinglisch.android.tasker.RELEVANT_VARIABLES56&gt;%antitlebig
02. Title When Expanded
&lt;/_array_net.dinglisch.android.tasker.RELEVANT_VARIABLES56&gt;&lt;_array_net.dinglisch.android.tasker.RELEVANT_VARIABLES57&gt;%antouchaction
22. Action On Touch Id
Use with AutoNotification Actions&lt;/_array_net.dinglisch.android.tasker.RELEVANT_VARIABLES57&gt;&lt;_array_net.dinglisch.android.tasker.RELEVANT_VARIABLES58&gt;%anuserid
User ID
User ID for whom this notification is intended&lt;/_array_net.dinglisch.android.tasker.RELEVANT_VARIABLES58&gt;&lt;_array_net.dinglisch.android.tasker.RELEVANT_VARIABLES59&gt;%anwhen
Show When
&lt;/_array_net.dinglisch.android.tasker.RELEVANT_VARIABLES59&gt;&lt;_array_net.dinglisch.android.tasker.RELEVANT_VARIABLES60&gt;%anwhentime
When
&lt;/_array_net.dinglisch.android.tasker.RELEVANT_VARIABLES60&gt;&lt;/StringArray&gt;</net.dinglisch.android.tasker.RELEVANT_VARIABLES>
					<net.dinglisch.android.tasker.RELEVANT_VARIABLES-type>[Ljava.lang.String;</net.dinglisch.android.tasker.RELEVANT_VARIABLES-type>
					<net.dinglisch.android.tasker.extras.REQUESTED_TIMEOUT>0</net.dinglisch.android.tasker.extras.REQUESTED_TIMEOUT>
					<net.dinglisch.android.tasker.extras.REQUESTED_TIMEOUT-type>java.lang.Integer</net.dinglisch.android.tasker.extras.REQUESTED_TIMEOUT-type>
					<net.dinglisch.android.tasker.extras.VARIABLE_REPLACE_KEYS>Text plugininstanceid plugintypeid </net.dinglisch.android.tasker.extras.VARIABLE_REPLACE_KEYS>
					<net.dinglisch.android.tasker.extras.VARIABLE_REPLACE_KEYS-type>java.lang.String</net.dinglisch.android.tasker.extras.VARIABLE_REPLACE_KEYS-type>
					<net.dinglisch.android.tasker.subbundled>true</net.dinglisch.android.tasker.subbundled>
					<net.dinglisch.android.tasker.subbundled-type>java.lang.Boolean</net.dinglisch.android.tasker.subbundled-type>
					<plugininstanceid>59d33303-3d83-4f15-a89e-b5c181d883c5</plugininstanceid>
					<plugininstanceid-type>java.lang.String</plugininstanceid-type>
					<plugintypeid>com.joaomgcd.autonotification.intent.IntentInterceptNotificationEvent</plugintypeid>
					<plugintypeid-type>java.lang.String</plugintypeid-type>
				</Vals>
			</Bundle>
			<Str sr="arg1" ve="3">com.joaomgcd.autonotification</Str>
			<Str sr="arg2" ve="3">com.joaomgcd.autonotification.activity.ActivityConfigNotificationInterceptTaskerEvent</Str>
			<Int sr="arg3" val="1"/>
		</Event>
	</Profile>
	<Project sr="proj0" ve="2">
		<cdate>1681139956627</cdate>
		<name>Batt Temp</name>
		<pids>261,272,271,255,263,268,217,257,259,266</pids>
		<scenes>ServerUpdated</scenes>
		<tids>245,258,262,251,20,260,256,252,273,243,267,216,269</tids>
		<Share sr="Share">
			<b>false</b>
			<d>Battery Temperature notification. Cel &amp; Fah displayed in title. 45° C+ hot temp warning. Warm Temp warning &amp; updated math calculation</d>
			<g></g>
			<p>false</p>
			<t></t>
		</Share>
	</Project>
	<Scene sr="sceneServerUpdated">
		<cdate>1688830827019</cdate>
		<edate>1688924499344</edate>
		<heightLand>-1</heightLand>
		<heightPort>185</heightPort>
		<nme>ServerUpdated</nme>
		<widthLand>-1</widthLand>
		<widthPort>582</widthPort>
		<TextElement sr="elements0" ve="3">
			<flags>4</flags>
			<geom>60,0,437,184,-1,-1,-1,-1</geom>
			<Str sr="arg0" ve="3">Server Updated</Str>
			<Str sr="arg1" ve="3">Server Updated! 12AM</Str>
			<Int sr="arg2" val="50"/>
			<Int sr="arg3" val="100"/>
			<Str sr="arg4" ve="3">#FF000000</Str>
			<Str sr="arg5" ve="3"/>
			<Int sr="arg6" val="0"/>
			<Int sr="arg7" val="0"/>
			<Int sr="arg8" val="0"/>
			<RectElement sr="background">
				<flags>4</flags>
				<geom>-1,-1,-1,-1,-1,-1,-1,-1</geom>
				<Str sr="arg0" ve="3"/>
				<Int sr="arg1" val="0"/>
				<Str sr="arg2" ve="3"/>
				<Str sr="arg3" ve="3"/>
				<Int sr="arg4" val="0"/>
				<Str sr="arg5" ve="3">#FF000000</Str>
				<Int sr="arg6" val="0"/>
				<Int sr="arg7" val="0"/>
			</RectElement>
		</TextElement>
		<ListElement sr="elements1">
			<flags>4</flags>
			<geom>90,0,237,185,-1,-1,-1,-1</geom>
			<Str sr="arg0" ve="3">Menu1</Str>
			<Int sr="arg1" val="0"/>
			<Str sr="arg2" ve="3"/>
			<Int sr="arg3" val="0"/>
			<Scene sr="arg4">
				<Scene sr="val">
					<cdate>1688831144633</cdate>
					<edate>1688831144633</edate>
					<heightLand>-1</heightLand>
					<heightPort>91</heightPort>
					<nme>Builtin Item Layout</nme>
					<widthLand>-1</widthLand>
					<widthPort>402</widthPort>
					<ImageElement sr="elements0" ve="2">
						<flags>5</flags>
						<geom>311,8,82,74,-1,-1,-1,-1</geom>
						<Str sr="arg0" ve="3">Icon</Str>
						<Img sr="arg1" ve="2">
							<nme>hd_aaa_ext_tiles_small</nme>
						</Img>
						<Int sr="arg2" val="255"/>
					</ImageElement>
					<TextElement sr="elements1" ve="3">
						<flags>5</flags>
						<geom>61,8,241,74,-1,-1,-1,-1</geom>
						<Str sr="arg0" ve="3">Label</Str>
						<Str sr="arg1" ve="3"/>
						<Int sr="arg2" val="20"/>
						<Int sr="arg3" val="100"/>
						<Str sr="arg4" ve="3">#FFFFFFFF</Str>
						<Str sr="arg5" ve="3"/>
						<Int sr="arg6" val="3"/>
						<Int sr="arg7"/>
						<Int sr="arg8"/>
					</TextElement>
					<TextElement sr="elements2" ve="3">
						<flags>1</flags>
						<geom>8,8,43,74,-1,-1,-1,-1</geom>
						<Str sr="arg0" ve="3">Index</Str>
						<Str sr="arg1" ve="3">1.</Str>
						<Int sr="arg2" val="20"/>
						<Int sr="arg3" val="100"/>
						<Str sr="arg4" ve="3">#FFFFFFFF</Str>
						<Str sr="arg5" ve="3"/>
						<Int sr="arg6" val="0"/>
						<Int sr="arg7"/>
						<Int sr="arg8"/>
					</TextElement>
					<PropertiesElement sr="props">
						<Int sr="arg0" val="1"/>
						<Int sr="arg1" val="0"/>
						<Str sr="arg2" ve="3">#00000000</Str>
						<Int sr="arg3" val="0"/>
						<Str sr="arg4" ve="3">Builtin Item Layout</Str>
						<Str sr="arg5" ve="3"/>
						<Img sr="arg6" ve="2"/>
						<Str sr="arg7" ve="3"/>
					</PropertiesElement>
				</Scene>
			</Scene>
			<Int sr="arg5" val="1"/>
			<Int sr="arg6" val="1"/>
		</ListElement>
		<ButtonElement sr="elements2" ve="3">
			<clickTask>20</clickTask>
			<flags>4</flags>
			<geom>448,0,84,55,-1,-1,-1,-1</geom>
			<Str sr="arg0" ve="3">Exit</Str>
			<Str sr="arg1" ve="3">Exit</Str>
			<Int sr="arg2" val="23"/>
			<Int sr="arg3" val="100"/>
			<Str sr="arg4" ve="3">#FF000000</Str>
			<Str sr="arg5" ve="3"/>
			<Int sr="arg6" val="0"/>
			<Img sr="arg7" ve="2"/>
		</ButtonElement>
	</Scene>
	<Task sr="task20">
		<cdate>1688831171713</cdate>
		<edate>1688831171713</edate>
		<id>20</id>
		<pri>8</pri>
		<Action sr="act0" ve="7">
			<code>49</code>
			<Str sr="arg0" ve="3">ServerUpdated</Str>
		</Action>
	</Task>
	<Task sr="task216">
		<cdate>1681047136428</cdate>
		<edate>1692258277644</edate>
		<id>216</id>
		<nme>Battery Temperature</nme>
		<pri>6</pri>
		<Action sr="act0" ve="7">
			<code>547</code>
			<Str sr="arg0" ve="3">%cel</Str>
			<Str sr="arg1" ve="3">%temperature/10</Str>
			<Int sr="arg2" val="0"/>
			<Int sr="arg3" val="1"/>
			<Int sr="arg4" val="0"/>
			<Int sr="arg5" val="3"/>
			<Int sr="arg6" val="1"/>
		</Action>
		<Action sr="act1" ve="7">
			<code>547</code>
			<Str sr="arg0" ve="3">%fah</Str>
			<Str sr="arg1" ve="3">(%cel*9/5)+32</Str>
			<Int sr="arg2" val="0"/>
			<Int sr="arg3" val="1"/>
			<Int sr="arg4" val="0"/>
			<Int sr="arg5" val="1"/>
			<Int sr="arg6" val="1"/>
		</Action>
		<Action sr="act10" ve="7">
			<code>171</code>
			<label>E8</label>
			<Int sr="arg0">
				<var>5274</var>
			</Int>
			<Int sr="arg1" val="100"/>
			<Int sr="arg2" val="100"/>
			<Int sr="arg3" val="3"/>
			<Str sr="arg4" ve="3"/>
		</Action>
		<Action sr="act11" ve="7">
			<code>334</code>
			<Str sr="arg0" ve="3">Warning! Battery temp is dangerously high at %temperature° Celcius </Str>
			<Str sr="arg1" ve="3">en-GB-Wavenet-A</Str>
			<Int sr="arg2" val="3"/>
			<Int sr="arg3" val="20"/>
			<Int sr="arg4" val="8"/>
			<Int sr="arg5" val="0"/>
			<Str sr="arg6" ve="3"/>
			<Str sr="arg7" ve="3"/>
			<Int sr="arg8" val="1"/>
		</Action>
		<Action sr="act12" ve="7">
			<code>38</code>
		</Action>
		<Action sr="act2" ve="7">
			<code>37</code>
			<ConditionList sr="if">
				<bool0>And</bool0>
				<Condition sr="c0" ve="3">
					<lhs>%cel</lhs>
					<op>7</op>
					<rhs>89.9</rhs>
				</Condition>
				<Condition sr="c1" ve="3">
					<lhs>%cel</lhs>
					<op>6</op>
					<rhs>45.1</rhs>
				</Condition>
			</ConditionList>
		</Action>
		<Action sr="act3" ve="7">
			<code>171</code>
			<label>D7</label>
			<Int sr="arg0">
				<var>2349</var>
			</Int>
			<Int sr="arg1">
				<var>50</var>
			</Int>
			<Int sr="arg2" val="100"/>
			<Int sr="arg3" val="3"/>
			<Str sr="arg4" ve="3"/>
		</Action>
		<Action sr="act4" ve="7">
			<code>171</code>
			<label>D7</label>
			<Int sr="arg0">
				<var>2349</var>
			</Int>
			<Int sr="arg1">
				<var>50</var>
			</Int>
			<Int sr="arg2" val="100"/>
			<Int sr="arg3" val="3"/>
			<Str sr="arg4" ve="3"/>
		</Action>
		<Action sr="act5" ve="7">
			<code>334</code>
			<Str sr="arg0" ve="3">Battery is running warm at %cel° Celcius </Str>
			<Str sr="arg1" ve="3">en-GB-Wavenet-A</Str>
			<Int sr="arg2" val="3"/>
			<Int sr="arg3" val="20"/>
			<Int sr="arg4" val="8"/>
			<Int sr="arg5" val="0"/>
			<Str sr="arg6" ve="3"/>
			<Str sr="arg7" ve="3"/>
			<Int sr="arg8" val="1"/>
		</Action>
		<Action sr="act6" ve="7">
			<code>38</code>
		</Action>
		<Action sr="act7" ve="7">
			<code>37</code>
			<ConditionList sr="if">
				<Condition sr="c0" ve="3">
					<lhs>%cel</lhs>
					<op>7</op>
					<rhs>45</rhs>
				</Condition>
			</ConditionList>
		</Action>
		<Action sr="act8" ve="7">
			<code>171</code>
			<label>E8</label>
			<Int sr="arg0">
				<var>5274</var>
			</Int>
			<Int sr="arg1" val="100"/>
			<Int sr="arg2" val="100"/>
			<Int sr="arg3" val="3"/>
			<Str sr="arg4" ve="3"/>
		</Action>
		<Action sr="act9" ve="7">
			<code>171</code>
			<label>E8</label>
			<Int sr="arg0">
				<var>5274</var>
			</Int>
			<Int sr="arg1" val="100"/>
			<Int sr="arg2" val="100"/>
			<Int sr="arg3" val="3"/>
			<Str sr="arg4" ve="3"/>
		</Action>
	</Task>
	<Task sr="task243">
		<cdate>1678183822157</cdate>
		<edate>1692257181367</edate>
		<id>243</id>
		<nme>Text To Speech To File Elevenlabs</nme>
		<pri>100</pri>
		<Action sr="act0" ve="7">
			<code>389</code>
			<Bundle sr="arg0">
				<Vals sr="val">
					<net.dinglisch.android.tasker.RELEVANT_VARIABLES>&lt;StringArray sr=""/&gt;</net.dinglisch.android.tasker.RELEVANT_VARIABLES>
					<net.dinglisch.android.tasker.RELEVANT_VARIABLES-type>[Ljava.lang.String;</net.dinglisch.android.tasker.RELEVANT_VARIABLES-type>
				</Vals>
			</Bundle>
			<Str sr="arg1" ve="3">%par1
%par2</Str>
			<Str sr="arg2" ve="3"/>
			<Str sr="arg3" ve="3">Hello my friend. I'll be your assistant today. How can I help you?
%voice_id</Str>
			<Str sr="arg4" ve="3"/>
			<Int sr="arg5" val="0"/>
			<Int sr="arg6" val="3"/>
			<Int sr="arg7" val="1"/>
			<Int sr="arg8" val="0"/>
		</Action>
		<Action sr="act1" ve="7">
			<code>598</code>
			<Str sr="arg0" ve="3">%par1</Str>
			<Str sr="arg1" ve="3">\\</Str>
			<Int sr="arg2" val="0"/>
			<Int sr="arg3" val="0"/>
			<Int sr="arg4" val="0"/>
			<Str sr="arg5" ve="3"/>
			<Int sr="arg6" val="1"/>
			<Str sr="arg7" ve="3">\\\\</Str>
		</Action>
		<Action sr="act10" ve="7">
			<code>339</code>
			<Bundle sr="arg0">
				<Vals sr="val">
					<net.dinglisch.android.tasker.RELEVANT_VARIABLES>&lt;StringArray sr=""&gt;&lt;_array_net.dinglisch.android.tasker.RELEVANT_VARIABLES0&gt;%http_cookies
Cookies
The cookies the server sent in the response in the Cookie:COOKIE_VALUE format. You can use this directly in the 'Headers' field of the HTTP Request action&lt;/_array_net.dinglisch.android.tasker.RELEVANT_VARIABLES0&gt;&lt;_array_net.dinglisch.android.tasker.RELEVANT_VARIABLES1&gt;%http_file_output
File Output
Will always contain the file's full path even if you specified a directory as the File to save.&lt;/_array_net.dinglisch.android.tasker.RELEVANT_VARIABLES1&gt;&lt;_array_net.dinglisch.android.tasker.RELEVANT_VARIABLES2&gt;%http_response_code
Response Code
The HTTP Code the server responded&lt;/_array_net.dinglisch.android.tasker.RELEVANT_VARIABLES2&gt;&lt;_array_net.dinglisch.android.tasker.RELEVANT_VARIABLES3&gt;%http_headers()
Response Headers
The HTTP Headers the server sent in the response. Each header is in the 'key:value' format&lt;/_array_net.dinglisch.android.tasker.RELEVANT_VARIABLES3&gt;&lt;_array_net.dinglisch.android.tasker.RELEVANT_VARIABLES4&gt;%http_response_length
Response Length
The size of the response in bytes&lt;/_array_net.dinglisch.android.tasker.RELEVANT_VARIABLES4&gt;&lt;/StringArray&gt;</net.dinglisch.android.tasker.RELEVANT_VARIABLES>
					<net.dinglisch.android.tasker.RELEVANT_VARIABLES-type>[Ljava.lang.String;</net.dinglisch.android.tasker.RELEVANT_VARIABLES-type>
				</Vals>
			</Bundle>
			<Int sr="arg1" val="1"/>
			<Int sr="arg10" val="0"/>
			<Int sr="arg11" val="0"/>
			<Int sr="arg12" val="0"/>
			<Str sr="arg2" ve="3">https://api.elevenlabs.io/v1/text-to-speech/%par2</Str>
			<Str sr="arg3" ve="3">xi-api-key:%elevenlabs_api_key</Str>
			<Str sr="arg4" ve="3"/>
			<Str sr="arg5" ve="3">{
 "model_id": "%language_mode",
  "text": "%par1"
}</Str>
			<Str sr="arg6" ve="3"/>
			<Str sr="arg7" ve="3">%local_file</Str>
			<Int sr="arg8" val="30"/>
			<Int sr="arg9" val="0"/>
		</Action>
		<Action sr="act11" ve="7">
			<code>38</code>
		</Action>
		<Action sr="act12" ve="7">
			<code>126</code>
			<Str sr="arg0" ve="3">%local_file</Str>
			<Int sr="arg1" val="1"/>
			<Int sr="arg2" val="0"/>
			<Int sr="arg3" val="0"/>
			<Str sr="arg4" ve="3"/>
		</Action>
		<Action sr="act2" ve="7">
			<code>547</code>
			<Str sr="arg0" ve="3">%newline</Str>
			<Str sr="arg1" ve="3">
</Str>
			<Int sr="arg2" val="0"/>
			<Int sr="arg3" val="0"/>
			<Int sr="arg4" val="0"/>
			<Int sr="arg5" val="3"/>
			<Int sr="arg6" val="1"/>
		</Action>
		<Action sr="act3" ve="7">
			<code>598</code>
			<Str sr="arg0" ve="3">%par1</Str>
			<Str sr="arg1" ve="3">%newline</Str>
			<Int sr="arg2" val="0"/>
			<Int sr="arg3" val="0"/>
			<Int sr="arg4" val="0"/>
			<Str sr="arg5" ve="3"/>
			<Int sr="arg6" val="1"/>
			<Str sr="arg7" ve="3">\\n</Str>
		</Action>
		<Action sr="act4" ve="7">
			<code>598</code>
			<Str sr="arg0" ve="3">%par1</Str>
			<Str sr="arg1" ve="3">"</Str>
			<Int sr="arg2" val="0"/>
			<Int sr="arg3" val="0"/>
			<Int sr="arg4" val="0"/>
			<Str sr="arg5" ve="3"/>
			<Int sr="arg6" val="1"/>
			<Str sr="arg7" ve="3">\\"</Str>
		</Action>
		<Action sr="act5" ve="7">
			<code>547</code>
			<Str sr="arg0" ve="3">%cachestring</Str>
			<Str sr="arg1" ve="3">%par1 %language_mode %voice_id</Str>
			<Int sr="arg2" val="0"/>
			<Int sr="arg3" val="0"/>
			<Int sr="arg4" val="0"/>
			<Int sr="arg5" val="3"/>
			<Int sr="arg6" val="1"/>
		</Action>
		<Action sr="act6" ve="7">
			<code>596</code>
			<Str sr="arg0" ve="3">%cachestring</Str>
			<Int sr="arg1" val="26"/>
			<Str sr="arg2" ve="3">%md5</Str>
			<Int sr="arg3" val="0"/>
		</Action>
		<Action sr="act7" ve="7">
			<code>547</code>
			<Str sr="arg0" ve="3">%local_file</Str>
			<Str sr="arg1" ve="3">Tasker/voice/%md5.mp4</Str>
			<Int sr="arg2" val="0"/>
			<Int sr="arg3" val="0"/>
			<Int sr="arg4" val="0"/>
			<Int sr="arg5" val="3"/>
			<Int sr="arg6" val="1"/>
		</Action>
		<Action sr="act8" ve="7">
			<code>342</code>
			<Int sr="arg0" val="5"/>
			<Str sr="arg1" ve="3">%local_file</Str>
			<Str sr="arg2" ve="3">%exists</Str>
			<Int sr="arg3" val="0"/>
			<Int sr="arg4" val="1"/>
		</Action>
		<Action sr="act9" ve="7">
			<code>37</code>
			<ConditionList sr="if">
				<Condition sr="c0" ve="3">
					<lhs>%exists</lhs>
					<op>3</op>
					<rhs>true</rhs>
				</Condition>
			</ConditionList>
		</Action>
	</Task>
	<Task sr="task245">
		<cdate>1678183822157</cdate>
		<edate>1692257188238</edate>
		<id>245</id>
		<nme>Text To Speech Elevenlabs</nme>
		<pri>100</pri>
		<Action sr="act0" ve="7">
			<code>389</code>
			<Bundle sr="arg0">
				<Vals sr="val">
					<net.dinglisch.android.tasker.RELEVANT_VARIABLES>&lt;StringArray sr=""/&gt;</net.dinglisch.android.tasker.RELEVANT_VARIABLES>
					<net.dinglisch.android.tasker.RELEVANT_VARIABLES-type>[Ljava.lang.String;</net.dinglisch.android.tasker.RELEVANT_VARIABLES-type>
				</Vals>
			</Bundle>
			<Str sr="arg1" ve="3">%par1
%par2</Str>
			<Str sr="arg2" ve="3"/>
			<Str sr="arg3" ve="3">Hello. I'll be your assistant today. How can I help you?
%voice_id</Str>
			<Str sr="arg4" ve="3"/>
			<Int sr="arg5" val="0"/>
			<Int sr="arg6" val="3"/>
			<Int sr="arg7" val="1"/>
			<Int sr="arg8" val="0"/>
		</Action>
		<Action sr="act1" ve="7">
			<code>130</code>
			<Str sr="arg0" ve="3">Text To Speech To File Elevenlabs</Str>
			<Int sr="arg1">
				<var>%priority</var>
			</Int>
			<Int sr="arg10" val="1"/>
			<Str sr="arg2" ve="3">%par1</Str>
			<Str sr="arg3" ve="3">%par2</Str>
			<Str sr="arg4" ve="3">%http_file_output</Str>
			<Int sr="arg5" val="0"/>
			<Int sr="arg6" val="0"/>
			<Str sr="arg7" ve="3"/>
			<Int sr="arg8" val="0"/>
			<Int sr="arg9" val="0"/>
		</Action>
		<Action sr="act2" ve="7">
			<code>445</code>
			<Str sr="arg0" ve="3">%http_file_output</Str>
			<Int sr="arg1" val="0"/>
			<Int sr="arg2" val="0"/>
			<Int sr="arg3" val="3"/>
			<Int sr="arg4" val="0"/>
		</Action>
	</Task>
	<Task sr="task251">
		<cdate>1681047136428</cdate>
		<edate>1692284668124</edate>
		<id>251</id>
		<nme>Battery TemperatureYes</nme>
		<pri>100</pri>
		<Action sr="act0" ve="7">
			<code>30</code>
			<Int sr="arg0" val="0"/>
			<Int sr="arg1" val="4"/>
			<Int sr="arg2" val="1"/>
			<Int sr="arg3" val="0"/>
			<Int sr="arg4" val="0"/>
		</Action>
		<Action sr="act1" ve="7">
			<code>547</code>
			<Str sr="arg0" ve="3">%cel</Str>
			<Str sr="arg1" ve="3">%temperature/10</Str>
			<Int sr="arg2" val="0"/>
			<Int sr="arg3" val="1"/>
			<Int sr="arg4" val="0"/>
			<Int sr="arg5" val="3"/>
			<Int sr="arg6" val="1"/>
		</Action>
		<Action sr="act10" ve="7">
			<code>37</code>
			<ConditionList sr="if">
				<Condition sr="c0" ve="3">
					<lhs>%cel</lhs>
					<op>7</op>
					<rhs>50</rhs>
				</Condition>
			</ConditionList>
		</Action>
		<Action sr="act11" ve="7">
			<code>307</code>
			<Int sr="arg0" val="11"/>
			<Int sr="arg1" val="0"/>
			<Int sr="arg2" val="1"/>
		</Action>
		<Action sr="act12" ve="7">
			<code>171</code>
			<label>E8</label>
			<Int sr="arg0">
				<var>5274</var>
			</Int>
			<Int sr="arg1" val="100"/>
			<Int sr="arg2" val="100"/>
			<Int sr="arg3" val="3"/>
			<Str sr="arg4" ve="3"/>
		</Action>
		<Action sr="act13" ve="7">
			<code>171</code>
			<label>E8</label>
			<Int sr="arg0">
				<var>5274</var>
			</Int>
			<Int sr="arg1" val="200"/>
			<Int sr="arg2" val="100"/>
			<Int sr="arg3" val="3"/>
			<Str sr="arg4" ve="3"/>
		</Action>
		<Action sr="act14" ve="7">
			<code>171</code>
			<label>E8</label>
			<Int sr="arg0">
				<var>5274</var>
			</Int>
			<Int sr="arg1" val="1000"/>
			<Int sr="arg2" val="100"/>
			<Int sr="arg3" val="3"/>
			<Str sr="arg4" ve="3"/>
		</Action>
		<Action sr="act15" ve="7">
			<code>47</code>
			<Str sr="arg0" ve="3">ServerUpdated</Str>
			<Int sr="arg1" val="4"/>
			<Int sr="arg10" val="1"/>
			<Int sr="arg2" val="100"/>
			<Int sr="arg3" val="100"/>
			<Int sr="arg4" val="0"/>
			<Int sr="arg5" val="1"/>
			<Int sr="arg6" val="1"/>
			<Int sr="arg7" val="1"/>
			<Int sr="arg8" val="1"/>
			<Int sr="arg9" val="1"/>
		</Action>
		<Action sr="act16" ve="7">
			<code>445</code>
			<Str sr="arg0" ve="3">Download/phoneterpanas.mp3</Str>
			<Int sr="arg1" val="0"/>
			<Int sr="arg2" val="0"/>
			<Int sr="arg3" val="3"/>
			<Int sr="arg4" val="1"/>
		</Action>
		<Action sr="act17" ve="7">
			<code>38</code>
		</Action>
		<Action sr="act2" ve="7">
			<code>547</code>
			<Str sr="arg0" ve="3">%fah</Str>
			<Str sr="arg1" ve="3">(%cel*9/5)+32</Str>
			<Int sr="arg2" val="0"/>
			<Int sr="arg3" val="1"/>
			<Int sr="arg4" val="0"/>
			<Int sr="arg5" val="1"/>
			<Int sr="arg6" val="1"/>
		</Action>
		<Action sr="act3" ve="7">
			<code>37</code>
			<ConditionList sr="if">
				<bool0>And</bool0>
				<Condition sr="c0" ve="3">
					<lhs>%cel</lhs>
					<op>7</op>
					<rhs>42</rhs>
				</Condition>
				<Condition sr="c1" ve="3">
					<lhs>%cel</lhs>
					<op>6</op>
					<rhs>50</rhs>
				</Condition>
			</ConditionList>
		</Action>
		<Action sr="act4" ve="7">
			<code>307</code>
			<Int sr="arg0" val="11"/>
			<Int sr="arg1" val="0"/>
			<Int sr="arg2" val="1"/>
		</Action>
		<Action sr="act5" ve="7">
			<code>171</code>
			<label>D7</label>
			<Int sr="arg0">
				<var>2349</var>
			</Int>
			<Int sr="arg1">
				<var>200</var>
			</Int>
			<Int sr="arg2" val="100"/>
			<Int sr="arg3" val="3"/>
			<Str sr="arg4" ve="3"/>
		</Action>
		<Action sr="act6" ve="7">
			<code>171</code>
			<label>D7</label>
			<Int sr="arg0">
				<var>2349</var>
			</Int>
			<Int sr="arg1">
				<var>400</var>
			</Int>
			<Int sr="arg2" val="100"/>
			<Int sr="arg3" val="3"/>
			<Str sr="arg4" ve="3"/>
		</Action>
		<Action sr="act7" ve="7">
			<code>47</code>
			<Str sr="arg0" ve="3">ServerUpdated</Str>
			<Int sr="arg1" val="4"/>
			<Int sr="arg10" val="1"/>
			<Int sr="arg2" val="100"/>
			<Int sr="arg3" val="100"/>
			<Int sr="arg4" val="0"/>
			<Int sr="arg5" val="1"/>
			<Int sr="arg6" val="1"/>
			<Int sr="arg7" val="1"/>
			<Int sr="arg8" val="1"/>
			<Int sr="arg9" val="1"/>
		</Action>
		<Action sr="act8" ve="7">
			<code>445</code>
			<Str sr="arg0" ve="3">Download/phonepanas.mp3</Str>
			<Int sr="arg1" val="0"/>
			<Int sr="arg2" val="0"/>
			<Int sr="arg3" val="3"/>
			<Int sr="arg4" val="1"/>
		</Action>
		<Action sr="act9" ve="7">
			<code>38</code>
		</Action>
	</Task>
	<Task sr="task252">
		<cdate>1692252842928</cdate>
		<edate>1692277531816</edate>
		<id>252</id>
		<nme>Ted</nme>
		<pri>100</pri>
		<Action sr="act0" ve="7">
			<code>130</code>
			<Str sr="arg0" ve="3">Text To Speech Elevenlabs</Str>
			<Int sr="arg1">
				<var>%priority</var>
			</Int>
			<Int sr="arg10" val="1"/>
			<Str sr="arg2" ve="3">Phone semakin panas!. Sila! letakkan ke tempat sejuk dan chabut penchas! ketika bermain phone</Str>
			<Str sr="arg3" ve="3"/>
			<Str sr="arg4" ve="3"/>
			<Int sr="arg5" val="0"/>
			<Int sr="arg6" val="0"/>
			<Str sr="arg7" ve="3"/>
			<Int sr="arg8" val="0"/>
			<Int sr="arg9" val="0"/>
		</Action>
		<Action sr="act1" ve="7">
			<code>130</code>
			<Str sr="arg0" ve="3">Text To Speech Elevenlabs</Str>
			<Int sr="arg1">
				<var>%priority</var>
			</Int>
			<Int sr="arg10" val="1"/>
			<Str sr="arg2" ve="3">Phone! sangat panas dan berisiko meletup. tolong chabut penchas! dan letak phone ketempat sejuk sekarang</Str>
			<Str sr="arg3" ve="3"/>
			<Str sr="arg4" ve="3"/>
			<Int sr="arg5" val="0"/>
			<Int sr="arg6" val="0"/>
			<Str sr="arg7" ve="3"/>
			<Int sr="arg8" val="0"/>
			<Int sr="arg9" val="0"/>
		</Action>
		<Action sr="act2" ve="7">
			<code>130</code>
			<Str sr="arg0" ve="3">Text To Speech Elevenlabs</Str>
			<Int sr="arg1">
				<var>%priority</var>
			</Int>
			<Int sr="arg10" val="1"/>
			<Str sr="arg2" ve="3">siknal phone! lhemah!</Str>
			<Str sr="arg3" ve="3"/>
			<Str sr="arg4" ve="3"/>
			<Int sr="arg5" val="0"/>
			<Int sr="arg6" val="0"/>
			<Str sr="arg7" ve="3"/>
			<Int sr="arg8" val="0"/>
			<Int sr="arg9" val="0"/>
		</Action>
		<Action sr="act3" ve="7">
			<code>130</code>
			<Str sr="arg0" ve="3">Text To Speech Elevenlabs</Str>
			<Int sr="arg1">
				<var>%priority</var>
			</Int>
			<Int sr="arg10" val="1"/>
			<Str sr="arg2" ve="3">siknal! phone terlalu lhemah!</Str>
			<Str sr="arg3" ve="3"/>
			<Str sr="arg4" ve="3"/>
			<Int sr="arg5" val="0"/>
			<Int sr="arg6" val="0"/>
			<Str sr="arg7" ve="3"/>
			<Int sr="arg8" val="0"/>
			<Int sr="arg9" val="0"/>
		</Action>
		<Action sr="act4" ve="7">
			<code>130</code>
			<Str sr="arg0" ve="3">Text To Speech Elevenlabs</Str>
			<Int sr="arg1">
				<var>%priority</var>
			</Int>
			<Int sr="arg10" val="1"/>
			<Str sr="arg2" ve="3">bateri!,  phone!, dah penuh!</Str>
			<Str sr="arg3" ve="3"/>
			<Str sr="arg4" ve="3"/>
			<Int sr="arg5" val="0"/>
			<Int sr="arg6" val="0"/>
			<Str sr="arg7" ve="3"/>
			<Int sr="arg8" val="0"/>
			<Int sr="arg9" val="0"/>
		</Action>
		<Action sr="act5" ve="7">
			<code>130</code>
			<Str sr="arg0" ve="3">Text To Speech Elevenlabs</Str>
			<Int sr="arg1">
				<var>%priority</var>
			</Int>
			<Int sr="arg10" val="1"/>
			<Str sr="arg2" ve="3">bateri!,  phone!, dah penuh!</Str>
			<Str sr="arg3" ve="3"/>
			<Str sr="arg4" ve="3"/>
			<Int sr="arg5" val="0"/>
			<Int sr="arg6" val="0"/>
			<Str sr="arg7" ve="3"/>
			<Int sr="arg8" val="0"/>
			<Int sr="arg9" val="0"/>
		</Action>
		<Action sr="act6" ve="7">
			<code>61</code>
			<Int sr="arg0" val="200"/>
		</Action>
		<Action sr="act7" ve="7">
			<code>445</code>
			<Str sr="arg0" ve="3">Download/mp3-output-ttsfree(dot)com.mp3</Str>
			<Int sr="arg1" val="0"/>
			<Int sr="arg2" val="0"/>
			<Int sr="arg3" val="3"/>
			<Int sr="arg4" val="1"/>
		</Action>
		<Action sr="act8" ve="7">
			<code>523</code>
			<Str sr="arg0" ve="3">Testd</Str>
			<Str sr="arg1" ve="3"/>
			<Str sr="arg10" ve="3"/>
			<Str sr="arg11" ve="3"/>
			<Img sr="arg2" ve="2"/>
			<Int sr="arg3" val="0"/>
			<Int sr="arg4" val="0"/>
			<Int sr="arg5" val="3"/>
			<Int sr="arg6" val="0"/>
			<Int sr="arg7" val="0"/>
			<Int sr="arg8" val="0"/>
			<Str sr="arg9" ve="3"/>
		</Action>
	</Task>
	<Task sr="task256">
		<cdate>1692252842928</cdate>
		<edate>1692273330600</edate>
		<id>256</id>
		<nme>Ttspetang</nme>
		<pri>6</pri>
		<Action sr="act0" ve="7">
			<code>445</code>
			<Str sr="arg0" ve="3">Download/petang.mp3</Str>
			<Int sr="arg1" val="0"/>
			<Int sr="arg2" val="0"/>
			<Int sr="arg3" val="3"/>
			<Int sr="arg4" val="1"/>
		</Action>
		<Action sr="act1" ve="7">
			<code>61</code>
			<Int sr="arg0" val="200"/>
		</Action>
	</Task>
	<Task sr="task258">
		<cdate>1692252842928</cdate>
		<edate>1692273332494</edate>
		<id>258</id>
		<nme>Ttspagi</nme>
		<pri>100</pri>
		<Action sr="act0" ve="7">
			<code>445</code>
			<Str sr="arg0" ve="3">Download/pagi.mp3</Str>
			<Int sr="arg1" val="0"/>
			<Int sr="arg2" val="0"/>
			<Int sr="arg3" val="3"/>
			<Int sr="arg4" val="1"/>
		</Action>
		<Action sr="act1" ve="7">
			<code>61</code>
			<Int sr="arg0" val="200"/>
		</Action>
	</Task>
	<Task sr="task260">
		<cdate>1692252842928</cdate>
		<edate>1692271331586</edate>
		<id>260</id>
		<nme>Ttsmalam</nme>
		<pri>100</pri>
		<Action sr="act0" ve="7">
			<code>445</code>
			<Str sr="arg0" ve="3">Download/malam.mp3</Str>
			<Int sr="arg1" val="0"/>
			<Int sr="arg2" val="0"/>
			<Int sr="arg3" val="3"/>
			<Int sr="arg4" val="1"/>
		</Action>
		<Action sr="act1" ve="7">
			<code>61</code>
			<Int sr="arg0" val="200"/>
		</Action>
	</Task>
	<Task sr="task262">
		<cdate>1692252842928</cdate>
		<edate>1692278578728</edate>
		<id>262</id>
		<nme>Ttstenghari</nme>
		<pri>100</pri>
		<Action sr="act0" ve="7">
			<code>445</code>
			<Str sr="arg0" ve="3">Music/battfull.aac</Str>
			<Int sr="arg1" val="0"/>
			<Int sr="arg2" val="0"/>
			<Int sr="arg3" val="3"/>
			<Int sr="arg4" val="1"/>
		</Action>
		<Action sr="act1" ve="7">
			<code>61</code>
			<Int sr="arg0" val="200"/>
		</Action>
	</Task>
	<Task sr="task267">
		<cdate>1692271874020</cdate>
		<edate>1692271898068</edate>
		<id>267</id>
		<nme>Casdiputus</nme>
		<pri>100</pri>
		<Action sr="act0" ve="7">
			<code>445</code>
			<Str sr="arg0" ve="3">Download/discas.mp3</Str>
			<Int sr="arg1" val="0"/>
			<Int sr="arg2" val="0"/>
			<Int sr="arg3" val="3"/>
			<Int sr="arg4" val="1"/>
		</Action>
	</Task>
	<Task sr="task269">
		<cdate>1692272319692</cdate>
		<edate>1692272338119</edate>
		<id>269</id>
		<nme>Casdisambung</nme>
		<pri>100</pri>
		<Action sr="act0" ve="7">
			<code>445</code>
			<Str sr="arg0" ve="3">Download/mengecas.mp3</Str>
			<Int sr="arg1" val="0"/>
			<Int sr="arg2" val="0"/>
			<Int sr="arg3" val="3"/>
			<Int sr="arg4" val="1"/>
		</Action>
	</Task>
	<Task sr="task273">
		<cdate>1692252842928</cdate>
		<edate>1692277611073</edate>
		<id>273</id>
		<nme>Ttstenghariuuuu</nme>
		<pri>6</pri>
		<Action sr="act0" ve="7">
			<code>445</code>
			<Str sr="arg0" ve="3">Download/tengahari.mp3</Str>
			<Int sr="arg1" val="0"/>
			<Int sr="arg2" val="0"/>
			<Int sr="arg3" val="3"/>
			<Int sr="arg4" val="1"/>
		</Action>
		<Action sr="act1" ve="7">
			<code>61</code>
			<Int sr="arg0" val="200"/>
		</Action>
		<Action sr="act2" ve="7">
			<code>130</code>
			<Str sr="arg0" ve="3">Text To Speech Elevenlabs</Str>
			<Int sr="arg1">
				<var>%priority</var>
			</Int>
			<Int sr="arg10" val="1"/>
			<Str sr="arg2" ve="3">%antext</Str>
			<Str sr="arg3" ve="3"/>
			<Str sr="arg4" ve="3"/>
			<Int sr="arg5" val="0"/>
			<Int sr="arg6" val="0"/>
			<Str sr="arg7" ve="3"/>
			<Int sr="arg8" val="0"/>
			<Int sr="arg9" val="0"/>
		</Action>
		<Action sr="act3" ve="7">
			<code>559</code>
			<Str sr="arg0" ve="3">%antext</Str>
			<Str sr="arg1" ve="3">default:default</Str>
			<Int sr="arg2" val="3"/>
			<Int sr="arg3" val="5"/>
			<Int sr="arg4" val="5"/>
			<Int sr="arg5" val="1"/>
			<Int sr="arg6" val="0"/>
			<Int sr="arg7" val="0"/>
		</Action>
		<Action sr="act4" ve="7">
			<code>1677547919</code>
			<Bundle sr="arg0">
				<Vals sr="val">
					<App>&lt;null&gt;</App>
					<App-type>java.lang.String</App-type>
					<ButtonText></ButtonText>
					<ButtonText-type>java.lang.String</ButtonText-type>
					<CaseinsensitiveApp>false</CaseinsensitiveApp>
					<CaseinsensitiveApp-type>java.lang.Boolean</CaseinsensitiveApp-type>
					<CaseinsensitiveButtonText>false</CaseinsensitiveButtonText>
					<CaseinsensitiveButtonText-type>java.lang.Boolean</CaseinsensitiveButtonText-type>
					<CaseinsensitivePackage>false</CaseinsensitivePackage>
					<CaseinsensitivePackage-type>java.lang.Boolean</CaseinsensitivePackage-type>
					<CaseinsensitiveText>true</CaseinsensitiveText>
					<CaseinsensitiveText-type>java.lang.Boolean</CaseinsensitiveText-type>
					<CaseinsensitiveTitle>false</CaseinsensitiveTitle>
					<CaseinsensitiveTitle-type>java.lang.Boolean</CaseinsensitiveTitle-type>
					<ExactApp>false</ExactApp>
					<ExactApp-type>java.lang.Boolean</ExactApp-type>
					<ExactButtonText>false</ExactButtonText>
					<ExactButtonText-type>java.lang.Boolean</ExactButtonText-type>
					<ExactPackage>false</ExactPackage>
					<ExactPackage-type>java.lang.Boolean</ExactPackage-type>
					<ExactText>false</ExactText>
					<ExactText-type>java.lang.Boolean</ExactText-type>
					<ExactTitle>false</ExactTitle>
					<ExactTitle-type>java.lang.Boolean</ExactTitle-type>
					<InterceptActionId>&lt;null&gt;</InterceptActionId>
					<InterceptActionId-type>java.lang.String</InterceptActionId-type>
					<InterceptApps>&lt;StringArray sr=""/&gt;</InterceptApps>
					<InterceptApps-type>[Ljava.lang.String;</InterceptApps-type>
					<InvertApp>false</InvertApp>
					<InvertApp-type>java.lang.Boolean</InvertApp-type>
					<InvertButtonText>false</InvertButtonText>
					<InvertButtonText-type>java.lang.Boolean</InvertButtonText-type>
					<InvertPackage>false</InvertPackage>
					<InvertPackage-type>java.lang.Boolean</InvertPackage-type>
					<InvertText>false</InvertText>
					<InvertText-type>java.lang.Boolean</InvertText-type>
					<InvertTitle>false</InvertTitle>
					<InvertTitle-type>java.lang.Boolean</InvertTitle-type>
					<PackageName>&lt;null&gt;</PackageName>
					<PackageName-type>java.lang.String</PackageName-type>
					<RegexApp>false</RegexApp>
					<RegexApp-type>java.lang.Boolean</RegexApp-type>
					<RegexButtonText>false</RegexButtonText>
					<RegexButtonText-type>java.lang.Boolean</RegexButtonText-type>
					<RegexPackage>false</RegexPackage>
					<RegexPackage-type>java.lang.Boolean</RegexPackage-type>
					<RegexText>false</RegexText>
					<RegexText-type>java.lang.Boolean</RegexText-type>
					<RegexTitle>false</RegexTitle>
					<RegexTitle-type>java.lang.Boolean</RegexTitle-type>
					<Text>sandakan</Text>
					<Text-type>java.lang.String</Text-type>
					<Title>&lt;null&gt;</Title>
					<Title-type>java.lang.String</Title-type>
					<com.twofortyfouram.locale.intent.extra.BLURB>Notification Text: sandakan (case ins)</com.twofortyfouram.locale.intent.extra.BLURB>
					<com.twofortyfouram.locale.intent.extra.BLURB-type>java.lang.String</com.twofortyfouram.locale.intent.extra.BLURB-type>
					<net.dinglisch.android.tasker.RELEVANT_VARIABLES>&lt;StringArray sr=""&gt;&lt;_array_net.dinglisch.android.tasker.RELEVANT_VARIABLES0&gt;%anactionid
Action Id
The action id for the action that was performed, if any&lt;/_array_net.dinglisch.android.tasker.RELEVANT_VARIABLES0&gt;&lt;_array_net.dinglisch.android.tasker.RELEVANT_VARIABLES1&gt;%err
Error Code
Only available if you select &amp;lt;b&amp;gt;Continue Task After Error&amp;lt;/b&amp;gt; and the action ends in error&lt;/_array_net.dinglisch.android.tasker.RELEVANT_VARIABLES1&gt;&lt;_array_net.dinglisch.android.tasker.RELEVANT_VARIABLES2&gt;%errmsg
Error Message
Only available if you select &amp;lt;b&amp;gt;Continue Task After Error&amp;lt;/b&amp;gt; and the action ends in error&lt;/_array_net.dinglisch.android.tasker.RELEVANT_VARIABLES2&gt;&lt;/StringArray&gt;</net.dinglisch.android.tasker.RELEVANT_VARIABLES>
					<net.dinglisch.android.tasker.RELEVANT_VARIABLES-type>[Ljava.lang.String;</net.dinglisch.android.tasker.RELEVANT_VARIABLES-type>
					<net.dinglisch.android.tasker.extras.VARIABLE_REPLACE_KEYS>Text plugininstanceid plugintypeid </net.dinglisch.android.tasker.extras.VARIABLE_REPLACE_KEYS>
					<net.dinglisch.android.tasker.extras.VARIABLE_REPLACE_KEYS-type>java.lang.String</net.dinglisch.android.tasker.extras.VARIABLE_REPLACE_KEYS-type>
					<net.dinglisch.android.tasker.subbundled>true</net.dinglisch.android.tasker.subbundled>
					<net.dinglisch.android.tasker.subbundled-type>java.lang.Boolean</net.dinglisch.android.tasker.subbundled-type>
					<plugininstanceid>de1a2424-1254-41f1-8413-c8d6a31d40e0</plugininstanceid>
					<plugininstanceid-type>java.lang.String</plugininstanceid-type>
					<plugintypeid>com.joaomgcd.autonotification.intent.IntentNotificationInterceptActions</plugintypeid>
					<plugintypeid-type>java.lang.String</plugintypeid-type>
				</Vals>
			</Bundle>
			<Str sr="arg1" ve="3">com.joaomgcd.autonotification</Str>
			<Str sr="arg2" ve="3">com.joaomgcd.autonotification.activity.ActivityConfigNotificationInterceptActions</Str>
			<Int sr="arg3" val="20"/>
			<Int sr="arg4" val="1"/>
		</Action>
	</Task>
</TaskerData>
