<TaskerData sr="" dvi="1" tv="6.1.32">
	<Project sr="proj0" ve="2">
		<cdate>1678182388118</cdate>
		<name>Elevenlabs Voice Synthesis</name>
		<tids>243,245,248,247,249,244,246,242,254</tids>
		<Share sr="Share">
			<b>false</b>
			<d>&lt;P&gt;Use &lt;a href="https://beta.elevenlabs.io/speech-synthesis"&gt;Elevenlabs&lt;/a&gt; voices for text to speech generation in Tasker!&lt;/P&gt;
&lt;p&gt;Check out a full demo of this &lt;a href="https://youtu.be/kdRJkjdf3Hw"&gt;here&lt;/a&gt;!&lt;/p&gt;
&lt;P&gt;At the time of writing these voices sound much more natural than the ones that are built-in to Tasker so that's why this project was created.&lt;/P&gt;
&lt;P&gt;You can use this to fully replace your &lt;b&gt;Say&lt;/b&gt; or &lt;b&gt;Say WaveNet&lt;/b&gt; actions if you want.&lt;/P&gt;
&lt;p&gt;This uses their HTTP API. Documentation available &lt;a href="https://api.elevenlabs.io/docs"&gt;here&lt;/a&gt;.&lt;/p&gt;
&lt;H3&gt;Usage tips:&lt;/H3&gt;
&lt;ul&gt;
    &lt;li&gt;Before importing this project, visit the &lt;a href="https://beta.elevenlabs.io/"&gt;Elevenlabs&lt;/a&gt; website, log in, click on you profile picture on the top right, click on "Profile" and click the little eye icon so you can see your API Key. Copy that key.&lt;/li&gt;
    &lt;li&gt;When importing this project make sure to run the setup task when prompted, so that you can insert your API Key and choose the assistant's voice.&lt;/li&gt;
    &lt;li&gt;If you want to change the voice you can re-run the &lt;b&gt;Elevenlabs Setup&lt;/b&gt; task.&lt;/li&gt;
    &lt;li&gt;You can use the &lt;b&gt;Text To Speech Elevenlabs&lt;/b&gt; task in any of your text to synthesize speech. Use the &lt;b&gt;Perform Task&lt;/b&gt; action to do that and set &lt;b&gt;Parameter 1&lt;/b&gt; as the text you want it to say out loud. Check out the &lt;b&gt;Test Elevenlabs Text To Speech&lt;/b&gt; task to see an example.&lt;/li&gt;
    &lt;li&gt;You can voice chat with ChatGPT and have responses read by this by using the &lt;b&gt;Voice Chat ChatGPT Elevenlabs&lt;/b&gt; task. Make sure to first import the &lt;a href="https://taskernet.com/shares/?user=AS35m8ne7oO4s%2BaDx%2FwlzjdFTfVMWstg1ay5AkpiNdrLoSXEZdFfw1IpXiyJCVLNW0yn&amp;id=Project%3AChat+GPT"&gt;ChatGPT project&lt;/a&gt; to make it work.&lt;/li&gt;
&lt;/ul&gt;
&lt;P&gt;Please note that the Elevenlabs API is a paid service, although it has a free tier that you can use with some restricitons. Check out their website above for more info.&lt;/P&gt;</d>
			<g>Artificial Intelligence,Developer's Choice,Text-To-Speech</g>
			<p>true</p>
			<t>Elevenlabs Setup</t>
		</Share>
		<ProfileVariable sr="pv0">
			<clearout>false</clearout>
			<exportval></exportval>
			<immutable>false</immutable>
			<pvci>false</pvci>
			<pvd></pvd>
			<pvdn>Elevenlabs API Key</pvdn>
			<pvid>21</pvid>
			<pvit>pj</pvit>
			<pvn>%elevenlabs_api_key</pvn>
			<pvt>t</pvt>
			<strout>false</strout>
		</ProfileVariable>
		<ProfileVariable sr="pv1">
			<clearout>false</clearout>
			<exportval></exportval>
			<immutable>false</immutable>
			<pvci>false</pvci>
			<pvd></pvd>
			<pvdn>Elevenlabs voice ID</pvdn>
			<pvid>21</pvid>
			<pvit>pj</pvit>
			<pvn>%voice_id</pvn>
			<pvt>t</pvt>
			<strout>false</strout>
		</ProfileVariable>
		<ProfileVariable sr="pv2">
			<clearout>false</clearout>
			<exportval>eleven_monolingual_v1</exportval>
			<immutable>false</immutable>
			<pvci>false</pvci>
			<pvd></pvd>
			<pvdn>Language Mode</pvdn>
			<pvid>21</pvid>
			<pvit>pj</pvit>
			<pvn>%language_mode</pvn>
			<pvt>t</pvt>
			<pvv>eleven_monolingual_v1</pvv>
			<strout>false</strout>
		</ProfileVariable>
	</Project>
	<Task sr="task242">
		<cdate>1678200782524</cdate>
		<edate>1692257177729</edate>
		<id>242</id>
		<nme>Input Text To Elevenlabs Speech</nme>
		<pri>7</pri>
		<Action sr="act0" ve="7">
			<code>360</code>
			<Bundle sr="arg0">
				<Vals sr="val">
					<net.dinglisch.android.tasker.RELEVANT_VARIABLES>&lt;StringArray sr=""&gt;&lt;_array_net.dinglisch.android.tasker.RELEVANT_VARIABLES0&gt;%input
Input
The text that was inserted in the dialog&lt;/_array_net.dinglisch.android.tasker.RELEVANT_VARIABLES0&gt;&lt;/StringArray&gt;</net.dinglisch.android.tasker.RELEVANT_VARIABLES>
					<net.dinglisch.android.tasker.RELEVANT_VARIABLES-type>[Ljava.lang.String;</net.dinglisch.android.tasker.RELEVANT_VARIABLES-type>
				</Vals>
			</Bundle>
			<Str sr="arg1" ve="3">What do you want to be said out loud?</Str>
			<Str sr="arg2" ve="3"/>
			<Str sr="arg3" ve="3"/>
			<Int sr="arg4" val="30"/>
			<Str sr="arg5" ve="3"/>
			<Int sr="arg6" val="0"/>
			<Int sr="arg7" val="0"/>
			<Str sr="arg8" ve="3"/>
		</Action>
		<Action sr="act1" ve="7">
			<code>130</code>
			<Str sr="arg0" ve="3">Text To Speech Elevenlabs</Str>
			<Int sr="arg1">
				<var>%priority</var>
			</Int>
			<Int sr="arg10" val="1"/>
			<Str sr="arg2" ve="3">%input</Str>
			<Str sr="arg3" ve="3"/>
			<Str sr="arg4" ve="3"/>
			<Int sr="arg5" val="0"/>
			<Int sr="arg6" val="0"/>
			<Str sr="arg7" ve="3"/>
			<Int sr="arg8" val="0"/>
			<Int sr="arg9" val="0"/>
		</Action>
		<Img sr="icn" ve="2">
			<nme>mw_communication_textsms</nme>
		</Img>
	</Task>
	<Task sr="task243">
		<cdate>1678183822157</cdate>
		<edate>1692257181367</edate>
		<id>243</id>
		<nme>Text To Speech To File Elevenlabs</nme>
		<pri>100</pri>
		<Action sr="act0" ve="7">
			<code>389</code>
			<Bundle sr="arg0">
				<Vals sr="val">
					<net.dinglisch.android.tasker.RELEVANT_VARIABLES>&lt;StringArray sr=""/&gt;</net.dinglisch.android.tasker.RELEVANT_VARIABLES>
					<net.dinglisch.android.tasker.RELEVANT_VARIABLES-type>[Ljava.lang.String;</net.dinglisch.android.tasker.RELEVANT_VARIABLES-type>
				</Vals>
			</Bundle>
			<Str sr="arg1" ve="3">%par1
%par2</Str>
			<Str sr="arg2" ve="3"/>
			<Str sr="arg3" ve="3">Hello my friend. I'll be your assistant today. How can I help you?
%voice_id</Str>
			<Str sr="arg4" ve="3"/>
			<Int sr="arg5" val="0"/>
			<Int sr="arg6" val="3"/>
			<Int sr="arg7" val="1"/>
			<Int sr="arg8" val="0"/>
		</Action>
		<Action sr="act1" ve="7">
			<code>598</code>
			<Str sr="arg0" ve="3">%par1</Str>
			<Str sr="arg1" ve="3">\\</Str>
			<Int sr="arg2" val="0"/>
			<Int sr="arg3" val="0"/>
			<Int sr="arg4" val="0"/>
			<Str sr="arg5" ve="3"/>
			<Int sr="arg6" val="1"/>
			<Str sr="arg7" ve="3">\\\\</Str>
		</Action>
		<Action sr="act10" ve="7">
			<code>339</code>
			<Bundle sr="arg0">
				<Vals sr="val">
					<net.dinglisch.android.tasker.RELEVANT_VARIABLES>&lt;StringArray sr=""&gt;&lt;_array_net.dinglisch.android.tasker.RELEVANT_VARIABLES0&gt;%http_cookies
Cookies
The cookies the server sent in the response in the Cookie:COOKIE_VALUE format. You can use this directly in the 'Headers' field of the HTTP Request action&lt;/_array_net.dinglisch.android.tasker.RELEVANT_VARIABLES0&gt;&lt;_array_net.dinglisch.android.tasker.RELEVANT_VARIABLES1&gt;%http_file_output
File Output
Will always contain the file's full path even if you specified a directory as the File to save.&lt;/_array_net.dinglisch.android.tasker.RELEVANT_VARIABLES1&gt;&lt;_array_net.dinglisch.android.tasker.RELEVANT_VARIABLES2&gt;%http_response_code
Response Code
The HTTP Code the server responded&lt;/_array_net.dinglisch.android.tasker.RELEVANT_VARIABLES2&gt;&lt;_array_net.dinglisch.android.tasker.RELEVANT_VARIABLES3&gt;%http_headers()
Response Headers
The HTTP Headers the server sent in the response. Each header is in the 'key:value' format&lt;/_array_net.dinglisch.android.tasker.RELEVANT_VARIABLES3&gt;&lt;_array_net.dinglisch.android.tasker.RELEVANT_VARIABLES4&gt;%http_response_length
Response Length
The size of the response in bytes&lt;/_array_net.dinglisch.android.tasker.RELEVANT_VARIABLES4&gt;&lt;/StringArray&gt;</net.dinglisch.android.tasker.RELEVANT_VARIABLES>
					<net.dinglisch.android.tasker.RELEVANT_VARIABLES-type>[Ljava.lang.String;</net.dinglisch.android.tasker.RELEVANT_VARIABLES-type>
				</Vals>
			</Bundle>
			<Int sr="arg1" val="1"/>
			<Int sr="arg10" val="0"/>
			<Int sr="arg11" val="0"/>
			<Int sr="arg12" val="0"/>
			<Str sr="arg2" ve="3">https://api.elevenlabs.io/v1/text-to-speech/%par2</Str>
			<Str sr="arg3" ve="3">xi-api-key:%elevenlabs_api_key</Str>
			<Str sr="arg4" ve="3"/>
			<Str sr="arg5" ve="3">{
 "model_id": "%language_mode",
  "text": "%par1"
}</Str>
			<Str sr="arg6" ve="3"/>
			<Str sr="arg7" ve="3">%local_file</Str>
			<Int sr="arg8" val="30"/>
			<Int sr="arg9" val="0"/>
		</Action>
		<Action sr="act11" ve="7">
			<code>38</code>
		</Action>
		<Action sr="act12" ve="7">
			<code>126</code>
			<Str sr="arg0" ve="3">%local_file</Str>
			<Int sr="arg1" val="1"/>
			<Int sr="arg2" val="0"/>
			<Int sr="arg3" val="0"/>
			<Str sr="arg4" ve="3"/>
		</Action>
		<Action sr="act2" ve="7">
			<code>547</code>
			<Str sr="arg0" ve="3">%newline</Str>
			<Str sr="arg1" ve="3">
</Str>
			<Int sr="arg2" val="0"/>
			<Int sr="arg3" val="0"/>
			<Int sr="arg4" val="0"/>
			<Int sr="arg5" val="3"/>
			<Int sr="arg6" val="1"/>
		</Action>
		<Action sr="act3" ve="7">
			<code>598</code>
			<Str sr="arg0" ve="3">%par1</Str>
			<Str sr="arg1" ve="3">%newline</Str>
			<Int sr="arg2" val="0"/>
			<Int sr="arg3" val="0"/>
			<Int sr="arg4" val="0"/>
			<Str sr="arg5" ve="3"/>
			<Int sr="arg6" val="1"/>
			<Str sr="arg7" ve="3">\\n</Str>
		</Action>
		<Action sr="act4" ve="7">
			<code>598</code>
			<Str sr="arg0" ve="3">%par1</Str>
			<Str sr="arg1" ve="3">"</Str>
			<Int sr="arg2" val="0"/>
			<Int sr="arg3" val="0"/>
			<Int sr="arg4" val="0"/>
			<Str sr="arg5" ve="3"/>
			<Int sr="arg6" val="1"/>
			<Str sr="arg7" ve="3">\\"</Str>
		</Action>
		<Action sr="act5" ve="7">
			<code>547</code>
			<Str sr="arg0" ve="3">%cachestring</Str>
			<Str sr="arg1" ve="3">%par1 %language_mode %voice_id</Str>
			<Int sr="arg2" val="0"/>
			<Int sr="arg3" val="0"/>
			<Int sr="arg4" val="0"/>
			<Int sr="arg5" val="3"/>
			<Int sr="arg6" val="1"/>
		</Action>
		<Action sr="act6" ve="7">
			<code>596</code>
			<Str sr="arg0" ve="3">%cachestring</Str>
			<Int sr="arg1" val="26"/>
			<Str sr="arg2" ve="3">%md5</Str>
			<Int sr="arg3" val="0"/>
		</Action>
		<Action sr="act7" ve="7">
			<code>547</code>
			<Str sr="arg0" ve="3">%local_file</Str>
			<Str sr="arg1" ve="3">Tasker/voice/%md5.mp4</Str>
			<Int sr="arg2" val="0"/>
			<Int sr="arg3" val="0"/>
			<Int sr="arg4" val="0"/>
			<Int sr="arg5" val="3"/>
			<Int sr="arg6" val="1"/>
		</Action>
		<Action sr="act8" ve="7">
			<code>342</code>
			<Int sr="arg0" val="5"/>
			<Str sr="arg1" ve="3">%local_file</Str>
			<Str sr="arg2" ve="3">%exists</Str>
			<Int sr="arg3" val="0"/>
			<Int sr="arg4" val="1"/>
		</Action>
		<Action sr="act9" ve="7">
			<code>37</code>
			<ConditionList sr="if">
				<Condition sr="c0" ve="3">
					<lhs>%exists</lhs>
					<op>3</op>
					<rhs>true</rhs>
				</Condition>
			</ConditionList>
		</Action>
	</Task>
	<Task sr="task244">
		<cdate>1678182512940</cdate>
		<edate>1692257185607</edate>
		<id>244</id>
		<nme>Download And Play Sound File</nme>
		<pri>100</pri>
		<Action sr="act0" ve="7">
			<code>547</code>
			<Str sr="arg0" ve="3">%par1</Str>
			<Str sr="arg1" ve="3">https://storage.googleapis.com/eleven-public-prod/premade/voices/TxGEqnHWrfWFTfGW9XjX/c6c80dcd-5fe5-4a4c-a74c-b3fec4c62c67.mp3</Str>
			<Int sr="arg2" val="0"/>
			<Int sr="arg3" val="0"/>
			<Int sr="arg4" val="0"/>
			<Int sr="arg5" val="3"/>
			<Int sr="arg6" val="1"/>
			<ConditionList sr="if">
				<Condition sr="c0" ve="3">
					<lhs>%par1</lhs>
					<op>13</op>
					<rhs></rhs>
				</Condition>
			</ConditionList>
		</Action>
		<Action sr="act1" ve="7">
			<code>547</code>
			<Str sr="arg0" ve="3">%file</Str>
			<Str sr="arg1" ve="3">Tasker/temp_sound.mp3</Str>
			<Int sr="arg2" val="0"/>
			<Int sr="arg3" val="0"/>
			<Int sr="arg4" val="0"/>
			<Int sr="arg5" val="3"/>
			<Int sr="arg6" val="1"/>
		</Action>
		<Action sr="act2" ve="7">
			<code>339</code>
			<Bundle sr="arg0">
				<Vals sr="val">
					<net.dinglisch.android.tasker.RELEVANT_VARIABLES>&lt;StringArray sr=""&gt;&lt;_array_net.dinglisch.android.tasker.RELEVANT_VARIABLES0&gt;%http_cookies
Cookies
The cookies the server sent in the response in the Cookie:COOKIE_VALUE format. You can use this directly in the 'Headers' field of the HTTP Request action&lt;/_array_net.dinglisch.android.tasker.RELEVANT_VARIABLES0&gt;&lt;_array_net.dinglisch.android.tasker.RELEVANT_VARIABLES1&gt;%http_file_output
File Output
Will always contain the file's full path even if you specified a directory as the File to save.&lt;/_array_net.dinglisch.android.tasker.RELEVANT_VARIABLES1&gt;&lt;_array_net.dinglisch.android.tasker.RELEVANT_VARIABLES2&gt;%http_response_code
Response Code
The HTTP Code the server responded&lt;/_array_net.dinglisch.android.tasker.RELEVANT_VARIABLES2&gt;&lt;_array_net.dinglisch.android.tasker.RELEVANT_VARIABLES3&gt;%http_headers()
Response Headers
The HTTP Headers the server sent in the response. Each header is in the 'key:value' format&lt;/_array_net.dinglisch.android.tasker.RELEVANT_VARIABLES3&gt;&lt;_array_net.dinglisch.android.tasker.RELEVANT_VARIABLES4&gt;%http_response_length
Response Length
The size of the response in bytes&lt;/_array_net.dinglisch.android.tasker.RELEVANT_VARIABLES4&gt;&lt;/StringArray&gt;</net.dinglisch.android.tasker.RELEVANT_VARIABLES>
					<net.dinglisch.android.tasker.RELEVANT_VARIABLES-type>[Ljava.lang.String;</net.dinglisch.android.tasker.RELEVANT_VARIABLES-type>
				</Vals>
			</Bundle>
			<Int sr="arg1" val="0"/>
			<Int sr="arg10" val="1"/>
			<Int sr="arg11" val="1"/>
			<Int sr="arg12" val="1"/>
			<Str sr="arg2" ve="3">%par1</Str>
			<Str sr="arg3" ve="3">Accept-Encoding:gzip, deflate, br</Str>
			<Str sr="arg4" ve="3"/>
			<Str sr="arg5" ve="3"/>
			<Str sr="arg6" ve="3"/>
			<Str sr="arg7" ve="3">%file</Str>
			<Int sr="arg8" val="30"/>
			<Int sr="arg9" val="1"/>
		</Action>
		<Action sr="act3" ve="7">
			<code>548</code>
			<Str sr="arg0" ve="3">%http_response_length
%http_response_code</Str>
			<Int sr="arg1" val="0"/>
			<Str sr="arg10" ve="3"/>
			<Int sr="arg11" val="1"/>
			<Int sr="arg12" val="0"/>
			<Str sr="arg13" ve="3"/>
			<Int sr="arg14" val="0"/>
			<Str sr="arg15" ve="3"/>
			<Int sr="arg2" val="0"/>
			<Str sr="arg3" ve="3"/>
			<Str sr="arg4" ve="3"/>
			<Str sr="arg5" ve="3"/>
			<Str sr="arg6" ve="3"/>
			<Str sr="arg7" ve="3"/>
			<Str sr="arg8" ve="3"/>
			<Int sr="arg9" val="1"/>
		</Action>
		<Action sr="act4" ve="7">
			<code>445</code>
			<Str sr="arg0" ve="3">%file</Str>
			<Int sr="arg1" val="0"/>
			<Int sr="arg2" val="0"/>
			<Int sr="arg3" val="3"/>
			<Int sr="arg4" val="1"/>
		</Action>
	</Task>
	<Task sr="task245">
		<cdate>1678183822157</cdate>
		<edate>1692257188238</edate>
		<id>245</id>
		<nme>Text To Speech Elevenlabs</nme>
		<pri>100</pri>
		<Action sr="act0" ve="7">
			<code>389</code>
			<Bundle sr="arg0">
				<Vals sr="val">
					<net.dinglisch.android.tasker.RELEVANT_VARIABLES>&lt;StringArray sr=""/&gt;</net.dinglisch.android.tasker.RELEVANT_VARIABLES>
					<net.dinglisch.android.tasker.RELEVANT_VARIABLES-type>[Ljava.lang.String;</net.dinglisch.android.tasker.RELEVANT_VARIABLES-type>
				</Vals>
			</Bundle>
			<Str sr="arg1" ve="3">%par1
%par2</Str>
			<Str sr="arg2" ve="3"/>
			<Str sr="arg3" ve="3">Hello. I'll be your assistant today. How can I help you?
%voice_id</Str>
			<Str sr="arg4" ve="3"/>
			<Int sr="arg5" val="0"/>
			<Int sr="arg6" val="3"/>
			<Int sr="arg7" val="1"/>
			<Int sr="arg8" val="0"/>
		</Action>
		<Action sr="act1" ve="7">
			<code>130</code>
			<Str sr="arg0" ve="3">Text To Speech To File Elevenlabs</Str>
			<Int sr="arg1">
				<var>%priority</var>
			</Int>
			<Int sr="arg10" val="1"/>
			<Str sr="arg2" ve="3">%par1</Str>
			<Str sr="arg3" ve="3">%par2</Str>
			<Str sr="arg4" ve="3">%http_file_output</Str>
			<Int sr="arg5" val="0"/>
			<Int sr="arg6" val="0"/>
			<Str sr="arg7" ve="3"/>
			<Int sr="arg8" val="0"/>
			<Int sr="arg9" val="0"/>
		</Action>
		<Action sr="act2" ve="7">
			<code>445</code>
			<Str sr="arg0" ve="3">%http_file_output</Str>
			<Int sr="arg1" val="0"/>
			<Int sr="arg2" val="0"/>
			<Int sr="arg3" val="3"/>
			<Int sr="arg4" val="0"/>
		</Action>
	</Task>
	<Task sr="task246">
		<cdate>1677767280632</cdate>
		<edate>1692257192897</edate>
		<id>246</id>
		<nme>Voice Chat ChatGPT Elevenlabs</nme>
		<pri>100</pri>
		<Action sr="act0" ve="7">
			<code>547</code>
			<Str sr="arg0" ve="3">%system_prefix</Str>
			<Str sr="arg1" ve="3">System &gt;&gt;</Str>
			<Int sr="arg2" val="0"/>
			<Int sr="arg3" val="0"/>
			<Int sr="arg4" val="0"/>
			<Int sr="arg5" val="3"/>
			<Int sr="arg6" val="1"/>
		</Action>
		<Action sr="act1" ve="7">
			<code>130</code>
			<Str sr="arg0" ve="3">%system_prefix Clear Chat</Str>
			<Int sr="arg1">
				<var>%priority</var>
			</Int>
			<Int sr="arg10" val="1"/>
			<Str sr="arg2" ve="3"/>
			<Str sr="arg3" ve="3"/>
			<Str sr="arg4" ve="3"/>
			<Int sr="arg5" val="0"/>
			<Int sr="arg6" val="0"/>
			<Str sr="arg7" ve="3"/>
			<Int sr="arg8" val="0"/>
			<Int sr="arg9" val="0"/>
		</Action>
		<Action sr="act2" ve="7">
			<code>547</code>
			<label>start loop</label>
			<Str sr="arg0" ve="3">%response</Str>
			<Str sr="arg1" ve="3">Say Anything or Say "Stop" To Stop Chatting</Str>
			<Int sr="arg2" val="0"/>
			<Int sr="arg3" val="0"/>
			<Int sr="arg4" val="0"/>
			<Int sr="arg5" val="3"/>
			<Int sr="arg6" val="1"/>
			<ConditionList sr="if">
				<Condition sr="c0" ve="3">
					<lhs>%response</lhs>
					<op>13</op>
					<rhs></rhs>
				</Condition>
			</ConditionList>
		</Action>
		<Action sr="act3" ve="7">
			<code>903</code>
			<label>voice Prompt</label>
			<se>false</se>
			<Str sr="arg0" ve="3">%response</Str>
			<Int sr="arg1" val="0"/>
			<Str sr="arg2" ve="3"/>
			<Int sr="arg3" val="1"/>
			<Int sr="arg4" val="30"/>
			<Int sr="arg5" val="0"/>
			<Bundle sr="arg6">
				<Vals sr="val">
					<net.dinglisch.android.tasker.RELEVANT_VARIABLES>&lt;StringArray sr=""&gt;&lt;_array_net.dinglisch.android.tasker.RELEVANT_VARIABLES0&gt;%gv_confidence
Confidence
Value from 0 to 100 showing the confidence of the detected value&lt;/_array_net.dinglisch.android.tasker.RELEVANT_VARIABLES0&gt;&lt;_array_net.dinglisch.android.tasker.RELEVANT_VARIABLES1&gt;%gv_heard
Heard
List of possible variations of what was heard&lt;/_array_net.dinglisch.android.tasker.RELEVANT_VARIABLES1&gt;&lt;/StringArray&gt;</net.dinglisch.android.tasker.RELEVANT_VARIABLES>
					<net.dinglisch.android.tasker.RELEVANT_VARIABLES-type>[Ljava.lang.String;</net.dinglisch.android.tasker.RELEVANT_VARIABLES-type>
				</Vals>
			</Bundle>
		</Action>
		<Action sr="act4" ve="7">
			<code>137</code>
			<Int sr="arg0" val="0"/>
			<Str sr="arg1" ve="3"/>
			<ConditionList sr="if">
				<bool0>Or</bool0>
				<Condition sr="c0" ve="3">
					<lhs>%gv_heard</lhs>
					<op>2</op>
					<rhs>stop</rhs>
				</Condition>
				<Condition sr="c1" ve="3">
					<lhs>%errmsg</lhs>
					<op>12</op>
					<rhs></rhs>
				</Condition>
			</ConditionList>
		</Action>
		<Action sr="act5" ve="7">
			<code>130</code>
			<Str sr="arg0" ve="3">%system_prefix Send Chat</Str>
			<Int sr="arg1">
				<var>%priority</var>
			</Int>
			<Int sr="arg10" val="1"/>
			<Str sr="arg2" ve="3">%gv_heard</Str>
			<Str sr="arg3" ve="3"/>
			<Str sr="arg4" ve="3">%response</Str>
			<Int sr="arg5" val="0"/>
			<Int sr="arg6" val="0"/>
			<Str sr="arg7" ve="3"/>
			<Int sr="arg8" val="0"/>
			<Int sr="arg9" val="0"/>
		</Action>
		<Action sr="act6" ve="7">
			<code>130</code>
			<Str sr="arg0" ve="3">Text To Speech Elevenlabs</Str>
			<Int sr="arg1">
				<var>%priority</var>
			</Int>
			<Int sr="arg10" val="1"/>
			<Str sr="arg2" ve="3">%response</Str>
			<Str sr="arg3" ve="3">%voice_id</Str>
			<Str sr="arg4" ve="3"/>
			<Int sr="arg5" val="0"/>
			<Int sr="arg6" val="0"/>
			<Str sr="arg7" ve="3"/>
			<Int sr="arg8" val="0"/>
			<Int sr="arg9" val="0"/>
		</Action>
		<Action sr="act7" ve="7">
			<code>135</code>
			<Int sr="arg0" val="1"/>
			<Int sr="arg1" val="1"/>
			<Str sr="arg2" ve="3">start loop</Str>
		</Action>
		<Img sr="icn" ve="2">
			<nme>mw_action_record_voice_over</nme>
		</Img>
	</Task>
	<Task sr="task247">
		<cdate>1678182416511</cdate>
		<edate>1692257221976</edate>
		<id>247</id>
		<nme>Elevenlabs Setup</nme>
		<pri>100</pri>
		<Action sr="act0" ve="7">
			<code>37</code>
			<ConditionList sr="if">
				<Condition sr="c0" ve="3">
					<lhs>%elevenlabs_api_key</lhs>
					<op>13</op>
					<rhs></rhs>
				</Condition>
			</ConditionList>
		</Action>
		<Action sr="act1" ve="7">
			<code>360</code>
			<Bundle sr="arg0">
				<Vals sr="val">
					<net.dinglisch.android.tasker.RELEVANT_VARIABLES>&lt;StringArray sr=""&gt;&lt;_array_net.dinglisch.android.tasker.RELEVANT_VARIABLES0&gt;%input
Input
The text that was inserted in the dialog&lt;/_array_net.dinglisch.android.tasker.RELEVANT_VARIABLES0&gt;&lt;/StringArray&gt;</net.dinglisch.android.tasker.RELEVANT_VARIABLES>
					<net.dinglisch.android.tasker.RELEVANT_VARIABLES-type>[Ljava.lang.String;</net.dinglisch.android.tasker.RELEVANT_VARIABLES-type>
				</Vals>
			</Bundle>
			<Str sr="arg1" ve="3">Elevenlabs API Key</Str>
			<Str sr="arg2" ve="3">Enter your elevenlabs API Key. Login to https://beta.elevenlabs.io/ and click on your profile picture &gt; Profile to get it.

If you need to close this, reimport this project from TaskerNet to make it ask this again or run the setup task included in the project.</Str>
			<Str sr="arg3" ve="3"/>
			<Int sr="arg4" val="30"/>
			<Str sr="arg5" ve="3"/>
			<Int sr="arg6" val="0"/>
			<Int sr="arg7" val="0"/>
			<Str sr="arg8" ve="3"/>
		</Action>
		<Action sr="act10" ve="7">
			<code>548</code>
			<Str sr="arg0" ve="3">Multi language mode selected! 

You can generate speech in multiple languages! Check the Elevenlabs website to see which languages are supported!</Str>
			<Int sr="arg1" val="1"/>
			<Str sr="arg10" ve="3"/>
			<Int sr="arg11" val="1"/>
			<Int sr="arg12" val="0"/>
			<Str sr="arg13" ve="3"/>
			<Int sr="arg14" val="0"/>
			<Str sr="arg15" ve="3"/>
			<Int sr="arg2" val="1"/>
			<Str sr="arg3" ve="3"/>
			<Str sr="arg4" ve="3"/>
			<Str sr="arg5" ve="3"/>
			<Str sr="arg6" ve="3"/>
			<Str sr="arg7" ve="3"/>
			<Str sr="arg8" ve="3"/>
			<Int sr="arg9" val="1"/>
		</Action>
		<Action sr="act11" ve="7">
			<code>547</code>
			<Str sr="arg0" ve="3">%language_mode</Str>
			<Str sr="arg1" ve="3">eleven_multilingual_v1</Str>
			<Int sr="arg2" val="0"/>
			<Int sr="arg3" val="0"/>
			<Int sr="arg4" val="0"/>
			<Int sr="arg5" val="3"/>
			<Int sr="arg6" val="1"/>
		</Action>
		<Action sr="act12" ve="7">
			<code>43</code>
		</Action>
		<Action sr="act13" ve="7">
			<code>548</code>
			<Str sr="arg0" ve="3">Single language mode selected! 

You can only use English text.</Str>
			<Int sr="arg1" val="1"/>
			<Str sr="arg10" ve="3"/>
			<Int sr="arg11" val="1"/>
			<Int sr="arg12" val="0"/>
			<Str sr="arg13" ve="3"/>
			<Int sr="arg14" val="0"/>
			<Str sr="arg15" ve="3"/>
			<Int sr="arg2" val="1"/>
			<Str sr="arg3" ve="3"/>
			<Str sr="arg4" ve="3"/>
			<Str sr="arg5" ve="3"/>
			<Str sr="arg6" ve="3"/>
			<Str sr="arg7" ve="3"/>
			<Str sr="arg8" ve="3"/>
			<Int sr="arg9" val="1"/>
		</Action>
		<Action sr="act14" ve="7">
			<code>547</code>
			<Str sr="arg0" ve="3">%language_mode</Str>
			<Str sr="arg1" ve="3">eleven_monolingual_v1</Str>
			<Int sr="arg2" val="0"/>
			<Int sr="arg3" val="0"/>
			<Int sr="arg4" val="0"/>
			<Int sr="arg5" val="3"/>
			<Int sr="arg6" val="1"/>
		</Action>
		<Action sr="act15" ve="7">
			<code>38</code>
		</Action>
		<Action sr="act2" ve="7">
			<code>547</code>
			<Str sr="arg0" ve="3">%elevenlabs_api_key</Str>
			<Str sr="arg1" ve="3">%input</Str>
			<Int sr="arg2" val="0"/>
			<Int sr="arg3" val="0"/>
			<Int sr="arg4" val="0"/>
			<Int sr="arg5" val="3"/>
			<Int sr="arg6" val="1"/>
		</Action>
		<Action sr="act3" ve="7">
			<code>38</code>
		</Action>
		<Action sr="act4" ve="7">
			<code>339</code>
			<Bundle sr="arg0">
				<Vals sr="val">
					<net.dinglisch.android.tasker.RELEVANT_VARIABLES>&lt;StringArray sr=""&gt;&lt;_array_net.dinglisch.android.tasker.RELEVANT_VARIABLES0&gt;%http_cookies
Cookies
The cookies the server sent in the response in the Cookie:COOKIE_VALUE format. You can use this directly in the 'Headers' field of the HTTP Request action&lt;/_array_net.dinglisch.android.tasker.RELEVANT_VARIABLES0&gt;&lt;_array_net.dinglisch.android.tasker.RELEVANT_VARIABLES1&gt;%http_data
Data
Data that the server responded from the HTTP request.&lt;/_array_net.dinglisch.android.tasker.RELEVANT_VARIABLES1&gt;&lt;_array_net.dinglisch.android.tasker.RELEVANT_VARIABLES2&gt;%http_file_output
File Output
Will always contain the file's full path even if you specified a directory as the File to save.&lt;/_array_net.dinglisch.android.tasker.RELEVANT_VARIABLES2&gt;&lt;_array_net.dinglisch.android.tasker.RELEVANT_VARIABLES3&gt;%http_response_code
Response Code
The HTTP Code the server responded&lt;/_array_net.dinglisch.android.tasker.RELEVANT_VARIABLES3&gt;&lt;_array_net.dinglisch.android.tasker.RELEVANT_VARIABLES4&gt;%http_headers()
Response Headers
The HTTP Headers the server sent in the response. Each header is in the 'key:value' format&lt;/_array_net.dinglisch.android.tasker.RELEVANT_VARIABLES4&gt;&lt;_array_net.dinglisch.android.tasker.RELEVANT_VARIABLES5&gt;%http_response_length
Response Length
The size of the response in bytes&lt;/_array_net.dinglisch.android.tasker.RELEVANT_VARIABLES5&gt;&lt;/StringArray&gt;</net.dinglisch.android.tasker.RELEVANT_VARIABLES>
					<net.dinglisch.android.tasker.RELEVANT_VARIABLES-type>[Ljava.lang.String;</net.dinglisch.android.tasker.RELEVANT_VARIABLES-type>
				</Vals>
			</Bundle>
			<Int sr="arg1" val="0"/>
			<Int sr="arg10" val="0"/>
			<Int sr="arg11" val="0"/>
			<Int sr="arg12" val="1"/>
			<Str sr="arg2" ve="3">https://api.elevenlabs.io/v1/voices</Str>
			<Str sr="arg3" ve="3">xi-api-key:%elevenlabs_api_key</Str>
			<Str sr="arg4" ve="3"/>
			<Str sr="arg5" ve="3"/>
			<Str sr="arg6" ve="3"/>
			<Str sr="arg7" ve="3"/>
			<Int sr="arg8" val="30"/>
			<Int sr="arg9" val="0"/>
		</Action>
		<Action sr="act5" ve="7">
			<code>378</code>
			<Bundle sr="arg0">
				<Vals sr="val">
					<net.dinglisch.android.tasker.RELEVANT_VARIABLES>&lt;StringArray sr=""&gt;&lt;_array_net.dinglisch.android.tasker.RELEVANT_VARIABLES0&gt;%ld_button
Button
The label of the button that was clicked&lt;/_array_net.dinglisch.android.tasker.RELEVANT_VARIABLES0&gt;&lt;_array_net.dinglisch.android.tasker.RELEVANT_VARIABLES1&gt;%ld_long
Long
true if item was long clicked, false otherwise&lt;/_array_net.dinglisch.android.tasker.RELEVANT_VARIABLES1&gt;&lt;_array_net.dinglisch.android.tasker.RELEVANT_VARIABLES2&gt;%ld_selected
Selected
&lt;/_array_net.dinglisch.android.tasker.RELEVANT_VARIABLES2&gt;&lt;_array_net.dinglisch.android.tasker.RELEVANT_VARIABLES3&gt;%ld_selected_index
Selected Index
&lt;/_array_net.dinglisch.android.tasker.RELEVANT_VARIABLES3&gt;&lt;/StringArray&gt;</net.dinglisch.android.tasker.RELEVANT_VARIABLES>
					<net.dinglisch.android.tasker.RELEVANT_VARIABLES-type>[Ljava.lang.String;</net.dinglisch.android.tasker.RELEVANT_VARIABLES-type>
				</Vals>
			</Bundle>
			<Int sr="arg1" val="0"/>
			<Int sr="arg10" val="0"/>
			<Int sr="arg11" val="0"/>
			<Int sr="arg12" val="0"/>
			<Str sr="arg13" ve="3"/>
			<Str sr="arg2" ve="3">Assistant Voice (Long Click To Preview)</Str>
			<Str sr="arg3" ve="3">%http_data.name</Str>
			<Str sr="arg4" ve="3"/>
			<Str sr="arg5" ve="3">Preview Elevenlabs Voice</Str>
			<Str sr="arg6" ve="3"/>
			<Str sr="arg7" ve="3"/>
			<Str sr="arg8" ve="3"/>
			<Int sr="arg9">
				<var>360</var>
			</Int>
		</Action>
		<Action sr="act6" ve="7">
			<code>547</code>
			<Str sr="arg0" ve="3">%voice_id</Str>
			<Str sr="arg1" ve="3">%http_data.voice_id(%ld_selected_index)</Str>
			<Int sr="arg2" val="0"/>
			<Int sr="arg3" val="0"/>
			<Int sr="arg4" val="0"/>
			<Int sr="arg5" val="3"/>
			<Int sr="arg6" val="1"/>
		</Action>
		<Action sr="act7" ve="7">
			<code>548</code>
			<Str sr="arg0" ve="3">Your assistant's voice was set to %ld_selected!</Str>
			<Int sr="arg1" val="0"/>
			<Str sr="arg10" ve="3"/>
			<Int sr="arg11" val="1"/>
			<Int sr="arg12" val="0"/>
			<Str sr="arg13" ve="3"/>
			<Int sr="arg14" val="0"/>
			<Str sr="arg15" ve="3"/>
			<Int sr="arg2" val="1"/>
			<Str sr="arg3" ve="3"/>
			<Str sr="arg4" ve="3"/>
			<Str sr="arg5" ve="3"/>
			<Str sr="arg6" ve="3"/>
			<Str sr="arg7" ve="3"/>
			<Str sr="arg8" ve="3"/>
			<Int sr="arg9" val="1"/>
		</Action>
		<Action sr="act8" ve="7">
			<code>377</code>
			<Bundle sr="arg0">
				<Vals sr="val">
					<net.dinglisch.android.tasker.RELEVANT_VARIABLES>&lt;StringArray sr=""&gt;&lt;_array_net.dinglisch.android.tasker.RELEVANT_VARIABLES0&gt;%td_button
Button
The label of the button that was clicked&lt;/_array_net.dinglisch.android.tasker.RELEVANT_VARIABLES0&gt;&lt;/StringArray&gt;</net.dinglisch.android.tasker.RELEVANT_VARIABLES>
					<net.dinglisch.android.tasker.RELEVANT_VARIABLES-type>[Ljava.lang.String;</net.dinglisch.android.tasker.RELEVANT_VARIABLES-type>
				</Vals>
			</Bundle>
			<Str sr="arg1" ve="3">Language</Str>
			<Str sr="arg2" ve="3">What will you use this for?

- English only
- Different languages?</Str>
			<Str sr="arg3" ve="3">English</Str>
			<Str sr="arg4" ve="3">Different Languages</Str>
			<Str sr="arg5" ve="3"/>
			<Int sr="arg6" val="30"/>
			<Int sr="arg7" val="0"/>
			<Str sr="arg8" ve="3"/>
			<Str sr="arg9" ve="3"/>
		</Action>
		<Action sr="act9" ve="7">
			<code>37</code>
			<ConditionList sr="if">
				<Condition sr="c0" ve="3">
					<lhs>%td_button</lhs>
					<op>2</op>
					<rhs>Different Languages</rhs>
				</Condition>
			</ConditionList>
		</Action>
		<Img sr="icn" ve="2">
			<nme>mw_action_settings</nme>
		</Img>
	</Task>
	<Task sr="task248">
		<cdate>1650897796651</cdate>
		<edate>1692254220095</edate>
		<id>248</id>
		<nme>Test Elevenlabs Text To Speech</nme>
		<pri>100</pri>
		<Action sr="act0" ve="7">
			<code>130</code>
			<Str sr="arg0" ve="3">Text To Speech Elevenlabs</Str>
			<Int sr="arg1">
				<var>%priority</var>
			</Int>
			<Int sr="arg10" val="1"/>
			<Str sr="arg2" ve="3">You can now use the elevenlabs voices for your Tasker projects! Check out how realistic I sound!</Str>
			<Str sr="arg3" ve="3"/>
			<Str sr="arg4" ve="3"/>
			<Int sr="arg5" val="0"/>
			<Int sr="arg6" val="0"/>
			<Str sr="arg7" ve="3"/>
			<Int sr="arg8" val="0"/>
			<Int sr="arg9" val="0"/>
		</Action>
	</Task>
	<Task sr="task249">
		<cdate>1678182674667</cdate>
		<edate>1692254179515</edate>
		<id>249</id>
		<nme>Preview Elevenlabs Voice</nme>
		<pri>100</pri>
		<Action sr="act0" ve="7">
			<code>547</code>
			<Str sr="arg0" ve="3">%par1</Str>
			<Str sr="arg1" ve="3">João Dias</Str>
			<Int sr="arg2" val="0"/>
			<Int sr="arg3" val="0"/>
			<Int sr="arg4" val="0"/>
			<Int sr="arg5" val="3"/>
			<Int sr="arg6" val="1"/>
			<ConditionList sr="if">
				<Condition sr="c0" ve="3">
					<lhs>%par1</lhs>
					<op>13</op>
					<rhs></rhs>
				</Condition>
			</ConditionList>
		</Action>
		<Action sr="act1" ve="7">
			<code>548</code>
			<Str sr="arg0" ve="3">Previewing %par1's voice...</Str>
			<Int sr="arg1" val="0"/>
			<Str sr="arg10" ve="3"/>
			<Int sr="arg11" val="1"/>
			<Int sr="arg12" val="0"/>
			<Str sr="arg13" ve="3"/>
			<Int sr="arg14" val="0"/>
			<Str sr="arg15" ve="3"/>
			<Int sr="arg2" val="1"/>
			<Str sr="arg3" ve="3"/>
			<Str sr="arg4" ve="3"/>
			<Str sr="arg5" ve="3"/>
			<Str sr="arg6" ve="3"/>
			<Str sr="arg7" ve="3"/>
			<Str sr="arg8" ve="3"/>
			<Int sr="arg9" val="1"/>
		</Action>
		<Action sr="act2" ve="7">
			<code>339</code>
			<Bundle sr="arg0">
				<Vals sr="val">
					<net.dinglisch.android.tasker.RELEVANT_VARIABLES>&lt;StringArray sr=""&gt;&lt;_array_net.dinglisch.android.tasker.RELEVANT_VARIABLES0&gt;%http_cookies
Cookies
The cookies the server sent in the response in the Cookie:COOKIE_VALUE format. You can use this directly in the 'Headers' field of the HTTP Request action&lt;/_array_net.dinglisch.android.tasker.RELEVANT_VARIABLES0&gt;&lt;_array_net.dinglisch.android.tasker.RELEVANT_VARIABLES1&gt;%http_data
Data
Data that the server responded from the HTTP request.&lt;/_array_net.dinglisch.android.tasker.RELEVANT_VARIABLES1&gt;&lt;_array_net.dinglisch.android.tasker.RELEVANT_VARIABLES2&gt;%http_file_output
File Output
Will always contain the file's full path even if you specified a directory as the File to save.&lt;/_array_net.dinglisch.android.tasker.RELEVANT_VARIABLES2&gt;&lt;_array_net.dinglisch.android.tasker.RELEVANT_VARIABLES3&gt;%http_response_code
Response Code
The HTTP Code the server responded&lt;/_array_net.dinglisch.android.tasker.RELEVANT_VARIABLES3&gt;&lt;_array_net.dinglisch.android.tasker.RELEVANT_VARIABLES4&gt;%http_headers()
Response Headers
The HTTP Headers the server sent in the response. Each header is in the 'key:value' format&lt;/_array_net.dinglisch.android.tasker.RELEVANT_VARIABLES4&gt;&lt;_array_net.dinglisch.android.tasker.RELEVANT_VARIABLES5&gt;%http_response_length
Response Length
The size of the response in bytes&lt;/_array_net.dinglisch.android.tasker.RELEVANT_VARIABLES5&gt;&lt;/StringArray&gt;</net.dinglisch.android.tasker.RELEVANT_VARIABLES>
					<net.dinglisch.android.tasker.RELEVANT_VARIABLES-type>[Ljava.lang.String;</net.dinglisch.android.tasker.RELEVANT_VARIABLES-type>
				</Vals>
			</Bundle>
			<Int sr="arg1" val="0"/>
			<Int sr="arg10" val="0"/>
			<Int sr="arg11" val="0"/>
			<Int sr="arg12" val="1"/>
			<Str sr="arg2" ve="3">https://api.elevenlabs.io/v1/voices</Str>
			<Str sr="arg3" ve="3">xi-api-key:%elevenlabs_api_key</Str>
			<Str sr="arg4" ve="3"/>
			<Str sr="arg5" ve="3"/>
			<Str sr="arg6" ve="3"/>
			<Str sr="arg7" ve="3"/>
			<Int sr="arg8" val="30"/>
			<Int sr="arg9" val="0"/>
		</Action>
		<Action sr="act3" ve="7">
			<code>39</code>
			<Str sr="arg0" ve="3">%index</Str>
			<Str sr="arg1" ve="3">1:%http_data.name(#)</Str>
			<Int sr="arg2" val="1"/>
		</Action>
		<Action sr="act4" ve="7">
			<code>135</code>
			<Int sr="arg0" val="3"/>
			<Int sr="arg1" val="1"/>
			<Str sr="arg2" ve="3"/>
			<ConditionList sr="if">
				<Condition sr="c0" ve="3">
					<lhs>%par1</lhs>
					<op>2</op>
					<rhs>%http_data.name(%index)</rhs>
				</Condition>
			</ConditionList>
		</Action>
		<Action sr="act5" ve="7">
			<code>40</code>
		</Action>
		<Action sr="act6" ve="7">
			<code>547</code>
			<Str sr="arg0" ve="3">%voice_id_for_name</Str>
			<Str sr="arg1" ve="3">%http_data.voice_id(%index)</Str>
			<Int sr="arg2" val="0"/>
			<Int sr="arg3" val="0"/>
			<Int sr="arg4" val="0"/>
			<Int sr="arg5" val="3"/>
			<Int sr="arg6" val="1"/>
		</Action>
		<Action sr="act7" ve="7">
			<code>130</code>
			<Str sr="arg0" ve="3">Text To Speech Elevenlabs</Str>
			<Int sr="arg1">
				<var>%priority</var>
			</Int>
			<Int sr="arg10" val="1"/>
			<Str sr="arg2" ve="3">Hello! I'll be your assistant today! How can I help you?</Str>
			<Str sr="arg3" ve="3">%voice_id_for_name</Str>
			<Str sr="arg4" ve="3"/>
			<Int sr="arg5" val="0"/>
			<Int sr="arg6" val="0"/>
			<Str sr="arg7" ve="3"/>
			<Int sr="arg8" val="0"/>
			<Int sr="arg9" val="0"/>
		</Action>
	</Task>
	<Task sr="task254">
		<cdate>1650897796651</cdate>
		<edate>1692254317763</edate>
		<id>254</id>
		<nme>Test Elevenlabs Text To Speeche</nme>
		<pri>100</pri>
		<Action sr="act0" ve="7">
			<code>130</code>
			<Str sr="arg0" ve="3">Text To Speech Elevenlabs</Str>
			<Int sr="arg1">
				<var>%priority</var>
			</Int>
			<Int sr="arg10" val="1"/>
			<Str sr="arg2" ve="3">You have been charged RM14.99 for KITXOO - Tasker. Thank you for paying with Hotlink Credit/ Maxis Bill</Str>
			<Str sr="arg3" ve="3"/>
			<Str sr="arg4" ve="3"/>
			<Int sr="arg5" val="0"/>
			<Int sr="arg6" val="0"/>
			<Str sr="arg7" ve="3"/>
			<Int sr="arg8" val="0"/>
			<Int sr="arg9" val="0"/>
		</Action>
	</Task>
</TaskerData>
